package,dependencies,child_1,child_1_dependencies,child_2,child_2_dependencies,child_3,child_3_dependencies,child_4,child_4_dependencies,child_5,child_5_dependencies,child_6,child_6_dependencies,child_7,child_7_dependencies,child_8,child_8_dependencies,child_9,child_9_dependencies,child_10,child_10_dependencies,child_11,child_11_dependencies,child_12,child_12_dependencies,child_13,child_13_dependencies,child_14,child_14_dependencies,child_15,child_15_dependencies,child_16,child_16_dependencies,child_17,child_17_dependencies,child_18,child_18_dependencies
azurelinux-repos,
basesystem,
bash,filesystem|glibc|ncurses-libs,filesystem,setup,glibc,filesystem|glibc-common|glibc-minimal-langpack|libgcc|package no package provides (glibc-gconv-extra(x86-32) is not installed|package no package provides (glibc-gconv-extra(x86-64) is not installed,ncurses-libs,glibc|ncurses-base
bash-completion,bash,bash,filesystem|glibc|ncurses-libs
coreutils,coreutils-common|filesystem|glibc|gmp|libacl|libattr|libcap|libselinux|openssl-libs|systemd-libs,filesystem,setup,glibc,filesystem|glibc-common|glibc-minimal-langpack|libgcc|package no package provides (glibc-gconv-extra(x86-32) is not installed|package no package provides (glibc-gconv-extra(x86-64) is not installed,gmp,glibc,libacl,glibc|libattr,libattr,glibc,libcap,filesystem|glibc|pam-libs,libselinux,glibc|libsepol|pcre2,openssl-libs,ca-certificates|crypto-policies|glibc|zlib-ng-compat,systemd-libs,glibc|libcap|libgcc
cpio,glibc,glibc,filesystem|glibc-common|glibc-minimal-langpack|libgcc|package no package provides (glibc-gconv-extra(x86-32) is not installed|package no package provides (glibc-gconv-extra(x86-64) is not installed
filesystem,setup
findutils,glibc|libselinux,glibc,filesystem|glibc-common|glibc-minimal-langpack|libgcc|package no package provides (glibc-gconv-extra(x86-32) is not installed|package no package provides (glibc-gconv-extra(x86-64) is not installed,libselinux,glibc|libsepol|pcre2
glibc,filesystem|glibc-common|glibc-minimal-langpack|libgcc|package no package provides (glibc-gconv-extra(x86-32) is not installed|package no package provides (glibc-gconv-extra(x86-64) is not installed,filesystem,setup,libgcc,
glibc-langpack-en,glibc|glibc-common,glibc,filesystem|glibc-common|glibc-minimal-langpack|libgcc|package no package provides (glibc-gconv-extra(x86-32) is not installed|package no package provides (glibc-gconv-extra(x86-64) is not installed
ncurses,glibc|ncurses-libs,glibc,filesystem|glibc-common|glibc-minimal-langpack|libgcc|package no package provides (glibc-gconv-extra(x86-32) is not installed|package no package provides (glibc-gconv-extra(x86-64) is not installed,ncurses-libs,glibc|ncurses-base
ncurses-base,
ncurses-libs,glibc|ncurses-base,glibc,filesystem|glibc-common|glibc-minimal-langpack|libgcc|package no package provides (glibc-gconv-extra(x86-32) is not installed|package no package provides (glibc-gconv-extra(x86-64) is not installed,ncurses-base,
pam,audit-libs|authselect|bash|filesystem|gdbm|gdbm-libs|glibc|libeconf|libnsl2|libpwquality|libselinux|libtirpc|libxcrypt|openssl-libs|pam-libs|setup,audit-libs,glibc|libcap-ng,bash,filesystem|glibc|ncurses-libs,filesystem,setup,gdbm,gdbm-libs|glibc|readline,glibc,filesystem|glibc-common|glibc-minimal-langpack|libgcc|package no package provides (glibc-gconv-extra(x86-32) is not installed|package no package provides (glibc-gconv-extra(x86-64) is not installed,libpwquality,cracklib|glibc|pam-libs,libselinux,glibc|libsepol|pcre2,libxcrypt,glibc,openssl-libs,ca-certificates|crypto-policies|glibc|zlib-ng-compat
readline,glibc|ncurses-libs,glibc,filesystem|glibc-common|glibc-minimal-langpack|libgcc|package no package provides (glibc-gconv-extra(x86-32) is not installed|package no package provides (glibc-gconv-extra(x86-64) is not installed,ncurses-libs,glibc|ncurses-base
sed,glibc|libacl|libselinux,glibc,filesystem|glibc-common|glibc-minimal-langpack|libgcc|package no package provides (glibc-gconv-extra(x86-32) is not installed|package no package provides (glibc-gconv-extra(x86-64) is not installed,libacl,glibc|libattr,libselinux,glibc|libsepol|pcre2
shadow-utils,audit-libs|filesystem|glibc|libacl|libeconf|libselinux|libsemanage|libxcrypt|pam-libs|setup,audit-libs,glibc|libcap-ng,filesystem,setup,glibc,filesystem|glibc-common|glibc-minimal-langpack|libgcc|package no package provides (glibc-gconv-extra(x86-32) is not installed|package no package provides (glibc-gconv-extra(x86-64) is not installed,libacl,glibc|libattr,libselinux,glibc|libsepol|pcre2,libsemanage,audit-libs|bzip2-libs|glibc|libselinux|libsepol,libxcrypt,glibc
shadow-utils-subid,audit-libs|glibc|libacl|libattr|libeconf|libselinux|libsemanage|libxcrypt|pam-libs,audit-libs,glibc|libcap-ng,glibc,filesystem|glibc-common|glibc-minimal-langpack|libgcc|package no package provides (glibc-gconv-extra(x86-32) is not installed|package no package provides (glibc-gconv-extra(x86-64) is not installed,libacl,glibc|libattr,libattr,glibc,libselinux,glibc|libsepol|pcre2,libsemanage,audit-libs|bzip2-libs|glibc|libselinux|libsepol,libxcrypt,glibc
system-release,
systemd,audit-libs|bash|coreutils|dbus|filesystem|glibc|grep|libacl|libblkid|libcap|libfdisk|libgcc|libmount|libseccomp|libselinux|openssl-libs|package no package provides (libbpf is not installed|package no package provides (systemd-rpm-macros is not installed|package no package provides (util-linux-core or util-linux) is not installed|pam-libs|systemd-libs|systemd-pam|systemd-shared|systemd-standalone-sysusers,audit-libs,glibc|libcap-ng,bash,filesystem|glibc|ncurses-libs,coreutils,coreutils-common|filesystem|glibc|gmp|libacl|libattr|libcap|libselinux|openssl-libs|systemd-libs,dbus,package no package provides (dbus-broker is not installed,filesystem,setup,glibc,filesystem|glibc-common|glibc-minimal-langpack|libgcc|package no package provides (glibc-gconv-extra(x86-32) is not installed|package no package provides (glibc-gconv-extra(x86-64) is not installed,grep,bash|glibc|pcre2,libacl,glibc|libattr,libcap,filesystem|glibc|pam-libs,libgcc,,libseccomp,glibc,libselinux,glibc|libsepol|pcre2,openssl-libs,ca-certificates|crypto-policies|glibc|zlib-ng-compat,systemd-libs,glibc|libcap|libgcc,systemd-pam,glibc|libcap|libgcc|pam-libs|systemd
systemd-libs,glibc|libcap|libgcc,glibc,filesystem|glibc-common|glibc-minimal-langpack|libgcc|package no package provides (glibc-gconv-extra(x86-32) is not installed|package no package provides (glibc-gconv-extra(x86-64) is not installed,libcap,filesystem|glibc|pam-libs,libgcc,
util-linux,audit-libs|bash|coreutils|filesystem|glibc|libblkid|libcap-ng|libfdisk|libgcc|liblastlog2|libmount|libselinux|libsmartcols|libuuid|ncurses-libs|package no package provides (/etc/pam.d/system-auth if systemd) is not installed|package no package provides (pam is not installed|pam-libs|readline|systemd-libs|util-linux-core|zlib-ng-compat,audit-libs,glibc|libcap-ng,bash,filesystem|glibc|ncurses-libs,coreutils,coreutils-common|filesystem|glibc|gmp|libacl|libattr|libcap|libselinux|openssl-libs|systemd-libs,filesystem,setup,glibc,filesystem|glibc-common|glibc-minimal-langpack|libgcc|package no package provides (glibc-gconv-extra(x86-32) is not installed|package no package provides (glibc-gconv-extra(x86-64) is not installed,libcap-ng,glibc,libgcc,,libselinux,glibc|libsepol|pcre2,ncurses-libs,glibc|ncurses-base,readline,glibc|ncurses-libs,systemd-libs,glibc|libcap|libgcc
which,coreutils|glibc,coreutils,coreutils-common|filesystem|glibc|gmp|libacl|libattr|libcap|libselinux|openssl-libs|systemd-libs,glibc,filesystem|glibc-common|glibc-minimal-langpack|libgcc|package no package provides (glibc-gconv-extra(x86-32) is not installed|package no package provides (glibc-gconv-extra(x86-64) is not installed
audit,
audit-libs,glibc|libcap-ng,glibc,filesystem|glibc-common|glibc-minimal-langpack|libgcc|package no package provides (glibc-gconv-extra(x86-32) is not installed|package no package provides (glibc-gconv-extra(x86-64) is not installed,libcap-ng,glibc
cyrus-sasl-lib,filesystem|gdbm-libs|glibc|libxcrypt,filesystem,setup,glibc,filesystem|glibc-common|glibc-minimal-langpack|libgcc|package no package provides (glibc-gconv-extra(x86-32) is not installed|package no package provides (glibc-gconv-extra(x86-64) is not installed,libxcrypt,glibc
gnutls,crypto-policies|glibc|gmp|libidn2|libtasn1|libunistring|nettle|p11-kit|p11-kit-trust,glibc,filesystem|glibc-common|glibc-minimal-langpack|libgcc|package no package provides (glibc-gconv-extra(x86-32) is not installed|package no package provides (glibc-gconv-extra(x86-64) is not installed,gmp,glibc,libidn2,glibc|libunistring,libtasn1,glibc,libunistring,glibc,nettle,glibc|gmp,p11-kit,glibc|libffi|libtasn1,p11-kit-trust,alternatives|bash|glibc|libtasn1|p11-kit
gpgme,glibc|gnupg2|libassuan|libgpg-error,glibc,filesystem|glibc-common|glibc-minimal-langpack|libgcc|package no package provides (glibc-gconv-extra(x86-32) is not installed|package no package provides (glibc-gconv-extra(x86-64) is not installed,gnupg2,bzip2-libs|glibc|gnupg2-dirmngr|gnupg2-gpg-agent|gnupg2-gpgconf|gnupg2-keyboxd|gnupg2-verify|libassuan|libgcrypt|libgpg-error|npth|readline|sqlite-libs|zlib-ng-compat,libassuan,glibc|libgpg-error,libgpg-error,glibc
libacl,glibc|libattr,glibc,filesystem|glibc-common|glibc-minimal-langpack|libgcc|package no package provides (glibc-gconv-extra(x86-32) is not installed|package no package provides (glibc-gconv-extra(x86-64) is not installed,libattr,glibc
libattr,glibc,glibc,filesystem|glibc-common|glibc-minimal-langpack|libgcc|package no package provides (glibc-gconv-extra(x86-32) is not installed|package no package provides (glibc-gconv-extra(x86-64) is not installed
libgcrypt,glibc|libgpg-error,glibc,filesystem|glibc-common|glibc-minimal-langpack|libgcc|package no package provides (glibc-gconv-extra(x86-32) is not installed|package no package provides (glibc-gconv-extra(x86-64) is not installed,libgpg-error,glibc
libgpg-error,glibc,glibc,filesystem|glibc-common|glibc-minimal-langpack|libgcc|package no package provides (glibc-gconv-extra(x86-32) is not installed|package no package provides (glibc-gconv-extra(x86-64) is not installed
libselinux,glibc|libsepol|pcre2,glibc,filesystem|glibc-common|glibc-minimal-langpack|libgcc|package no package provides (glibc-gconv-extra(x86-32) is not installed|package no package provides (glibc-gconv-extra(x86-64) is not installed,libsepol,glibc,pcre2,glibc|pcre2-syntax
openssh,audit-libs|glibc|libselinux|openssl-libs|util-linux,audit-libs,glibc|libcap-ng,glibc,filesystem|glibc-common|glibc-minimal-langpack|libgcc|package no package provides (glibc-gconv-extra(x86-32) is not installed|package no package provides (glibc-gconv-extra(x86-64) is not installed,libselinux,glibc|libsepol|pcre2,openssl-libs,ca-certificates|crypto-policies|glibc|zlib-ng-compat,util-linux,audit-libs|bash|coreutils|filesystem|glibc|libblkid|libcap-ng|libfdisk|libgcc|liblastlog2|libmount|libselinux|libsmartcols|libuuid|ncurses-libs|package no package provides (/etc/pam.d/system-auth if systemd) is not installed|package no package provides (pam is not installed|pam-libs|readline|systemd-libs|util-linux-core|zlib-ng-compat
openssh-clients,bash|crypto-policies|glibc|krb5-libs|libedit|libfido2|libselinux|openssh|openssl-libs|zlib-ng-compat,bash,filesystem|glibc|ncurses-libs,glibc,filesystem|glibc-common|glibc-minimal-langpack|libgcc|package no package provides (glibc-gconv-extra(x86-32) is not installed|package no package provides (glibc-gconv-extra(x86-64) is not installed,krb5-libs,coreutils|crypto-policies|glibc|keyutils-libs|libcom_err|libselinux|libverto|openssl-libs,libedit,glibc|ncurses-libs,libselinux,glibc|libsepol|pcre2,openssh,audit-libs|glibc|libselinux|openssl-libs|util-linux,openssl-libs,ca-certificates|crypto-policies|glibc|zlib-ng-compat
openssh-server,
openssl,coreutils|glibc|openssl-libs,coreutils,coreutils-common|filesystem|glibc|gmp|libacl|libattr|libcap|libselinux|openssl-libs|systemd-libs,glibc,filesystem|glibc-common|glibc-minimal-langpack|libgcc|package no package provides (glibc-gconv-extra(x86-32) is not installed|package no package provides (glibc-gconv-extra(x86-64) is not installed,openssl-libs,ca-certificates|crypto-policies|glibc|zlib-ng-compat
openssl-libs,ca-certificates|crypto-policies|glibc|zlib-ng-compat,ca-certificates,bash|coreutils|findutils|grep|libffi|p11-kit|p11-kit-trust|sed,glibc,filesystem|glibc-common|glibc-minimal-langpack|libgcc|package no package provides (glibc-gconv-extra(x86-32) is not installed|package no package provides (glibc-gconv-extra(x86-64) is not installed
policycoreutils,audit-libs|bash|coreutils|diffutils|filesystem|gawk|glibc|grep|libselinux|libselinux-utils|libsemanage|libsepol|sed|util-linux,audit-libs,glibc|libcap-ng,bash,filesystem|glibc|ncurses-libs,coreutils,coreutils-common|filesystem|glibc|gmp|libacl|libattr|libcap|libselinux|openssl-libs|systemd-libs,diffutils,glibc,filesystem,setup,gawk,bash|filesystem|glibc|gmp|mpfr|readline,glibc,filesystem|glibc-common|glibc-minimal-langpack|libgcc|package no package provides (glibc-gconv-extra(x86-32) is not installed|package no package provides (glibc-gconv-extra(x86-64) is not installed,grep,bash|glibc|pcre2,libselinux,glibc|libsepol|pcre2,libsemanage,audit-libs|bzip2-libs|glibc|libselinux|libsepol,libsepol,glibc,sed,glibc|libacl|libselinux,util-linux,audit-libs|bash|coreutils|filesystem|glibc|libblkid|libcap-ng|libfdisk|libgcc|liblastlog2|libmount|libselinux|libsmartcols|libuuid|ncurses-libs|package no package provides (/etc/pam.d/system-auth if systemd) is not installed|package no package provides (pam is not installed|pam-libs|readline|systemd-libs|util-linux-core|zlib-ng-compat
selinux-policy-targeted,bash|coreutils|policycoreutils|selinux-policy,bash,filesystem|glibc|ncurses-libs,coreutils,coreutils-common|filesystem|glibc|gmp|libacl|libattr|libcap|libselinux|openssl-libs|systemd-libs,policycoreutils,audit-libs|bash|coreutils|diffutils|filesystem|gawk|glibc|grep|libselinux|libselinux-utils|libsemanage|libsepol|sed|util-linux
sudo,audit-libs|filesystem|glibc|libselinux|openldap|openssl-libs|pam|pam-libs|zlib-ng-compat,audit-libs,glibc|libcap-ng,filesystem,setup,glibc,filesystem|glibc-common|glibc-minimal-langpack|libgcc|package no package provides (glibc-gconv-extra(x86-32) is not installed|package no package provides (glibc-gconv-extra(x86-64) is not installed,libselinux,glibc|libsepol|pcre2,openldap,cyrus-sasl-lib|glibc|libevent|libtool-ltdl|openssl-libs,openssl-libs,ca-certificates|crypto-policies|glibc|zlib-ng-compat,pam,audit-libs|authselect|bash|filesystem|gdbm|gdbm-libs|glibc|libeconf|libnsl2|libpwquality|libselinux|libtirpc|libxcrypt|openssl-libs|pam-libs|setup
WALinuxAgent,
azure-vm-utils,
cloud-init,
cloud-utils-growpart,
hyperv-daemons,
hyperv-daemons-license,
hypervfcopyd,
hypervkvpd,
hypervvssd,
dracut,bash|coreutils|cpio|filesystem|findutils|glibc|grep|kmod|kmod-libs|libgcc|libkcapi-hmaccalc|openssl-libs|procps-ng|sed|systemd|systemd-udev|util-linux|xz|zstd,bash,filesystem|glibc|ncurses-libs,coreutils,coreutils-common|filesystem|glibc|gmp|libacl|libattr|libcap|libselinux|openssl-libs|systemd-libs,cpio,glibc,filesystem,setup,findutils,glibc|libselinux,glibc,filesystem|glibc-common|glibc-minimal-langpack|libgcc|package no package provides (glibc-gconv-extra(x86-32) is not installed|package no package provides (glibc-gconv-extra(x86-64) is not installed,grep,bash|glibc|pcre2,kmod,filesystem|glibc|libgcc|libzstd|openssl-libs|pkgconf-pkg-config|xz-libs|zlib-ng-compat,libgcc,,openssl-libs,ca-certificates|crypto-policies|glibc|zlib-ng-compat,procps-ng,filesystem|glibc|ncurses-libs|systemd-libs,sed,glibc|libacl|libselinux,systemd,audit-libs|bash|coreutils|dbus|filesystem|glibc|grep|libacl|libblkid|libcap|libfdisk|libgcc|libmount|libseccomp|libselinux|openssl-libs|package no package provides (libbpf is not installed|package no package provides (systemd-rpm-macros is not installed|package no package provides (util-linux-core or util-linux) is not installed|pam-libs|systemd-libs|systemd-pam|systemd-shared|systemd-standalone-sysusers,systemd-udev,bash|cryptsetup-libs|filesystem|glibc|grep|kbd|kmod|kmod-libs|libblkid|libfdisk|libgcc|libselinux|openssl-libs|package no package provides (grubby is not installed|package no package provides (sdubby is not installed|systemd|systemd-shared,util-linux,audit-libs|bash|coreutils|filesystem|glibc|libblkid|libcap-ng|libfdisk|libgcc|liblastlog2|libmount|libselinux|libsmartcols|libuuid|ncurses-libs|package no package provides (/etc/pam.d/system-auth if systemd) is not installed|package no package provides (pam is not installed|pam-libs|readline|systemd-libs|util-linux-core|zlib-ng-compat,xz,bash|glibc|grep|xz-libs,zstd,bash|glibc|libgcc|libstdc++|lz4-libs|xz-libs|zlib-ng-compat
dracut-kiwi-oem-repart,
grub2-tools-minimal,bash|device-mapper-libs|filesystem|fuse3-libs|gettext-runtime|glibc|grub2-common|xz-libs,bash,filesystem|glibc|ncurses-libs,device-mapper-libs,device-mapper|glibc|libselinux|systemd-libs,filesystem,setup,glibc,filesystem|glibc-common|glibc-minimal-langpack|libgcc|package no package provides (glibc-gconv-extra(x86-32) is not installed|package no package provides (glibc-gconv-extra(x86-64) is not installed,xz-libs,glibc
grubby,
kernel,
kernel-modules,
kmod,filesystem|glibc|libgcc|libzstd|openssl-libs|pkgconf-pkg-config|xz-libs|zlib-ng-compat,filesystem,setup,glibc,filesystem|glibc-common|glibc-minimal-langpack|libgcc|package no package provides (glibc-gconv-extra(x86-32) is not installed|package no package provides (glibc-gconv-extra(x86-64) is not installed,libgcc,,libzstd,glibc,openssl-libs,ca-certificates|crypto-policies|glibc|zlib-ng-compat,pkgconf-pkg-config,bash|pkgconf|pkgconf-m4,xz-libs,glibc
grub2,
dnf,
dnf-data,libdnf5
dnf-plugins-core,python3-dnf-plugins-core
libdnf,glib2|glibc|json-c|libgcc|libmodulemd|librepo|libsmartcols|libsolv|libstdc++|rpm-libs|sqlite-libs,glibc,filesystem|glibc-common|glibc-minimal-langpack|libgcc|package no package provides (glibc-gconv-extra(x86-32) is not installed|package no package provides (glibc-gconv-extra(x86-64) is not installed,json-c,glibc,libgcc,,libmodulemd,glib2|glibc|libgcc|libyaml|rpm-libs,librepo,glib2|glibc|libcurl|libgcc|libxml2|openssl-libs|rpm-libs|zchunk-libs,libsolv,bzip2-libs|glibc|libxml2|libzstd|rpm-libs|xz-libs|zchunk-libs|zlib-ng-compat,libstdc++,glibc|libgcc,rpm-libs,bzip2-libs|glibc|libacl|libcap|libgcc|libstdc++|libzstd|lua-libs|popt|rpm|rpm-sequoia|sqlite-libs|systemd-standalone-sysusers|xz-libs|zlib-ng-compat,sqlite-libs,glibc
rpm,bash|coreutils|curl|glibc|libarchive|popt|rpm-libs,bash,filesystem|glibc|ncurses-libs,coreutils,coreutils-common|filesystem|glibc|gmp|libacl|libattr|libcap|libselinux|openssl-libs|systemd-libs,curl,bash|glibc|libcurl,glibc,filesystem|glibc-common|glibc-minimal-langpack|libgcc|package no package provides (glibc-gconv-extra(x86-32) is not installed|package no package provides (glibc-gconv-extra(x86-64) is not installed,libarchive,bzip2-libs|glibc|libacl|libxml2|libzstd|lz4-libs|openssl-libs|xz-libs|zlib-ng-compat,popt,glibc,rpm-libs,bzip2-libs|glibc|libacl|libcap|libgcc|libstdc++|libzstd|lua-libs|popt|rpm|rpm-sequoia|sqlite-libs|systemd-standalone-sysusers|xz-libs|zlib-ng-compat
rpm-build-libs,elfutils-libelf|elfutils-libs|file-libs|glibc|libcap|libgcc|libgomp|libstdc++|lua-libs|popt|rpm-libs|rpm-sign-libs,elfutils-libelf,glibc|libzstd|zlib-ng-compat,file-libs,glibc|zlib-ng-compat,glibc,filesystem|glibc-common|glibc-minimal-langpack|libgcc|package no package provides (glibc-gconv-extra(x86-32) is not installed|package no package provides (glibc-gconv-extra(x86-64) is not installed,libcap,filesystem|glibc|pam-libs,libgcc,,libgomp,glibc,libstdc++,glibc|libgcc,lua-libs,glibc,popt,glibc,rpm-libs,bzip2-libs|glibc|libacl|libcap|libgcc|libstdc++|libzstd|lua-libs|popt|rpm|rpm-sequoia|sqlite-libs|systemd-standalone-sysusers|xz-libs|zlib-ng-compat
rpm-libs,bzip2-libs|glibc|libacl|libcap|libgcc|libstdc++|libzstd|lua-libs|popt|rpm|rpm-sequoia|sqlite-libs|systemd-standalone-sysusers|xz-libs|zlib-ng-compat,bzip2-libs,glibc,glibc,filesystem|glibc-common|glibc-minimal-langpack|libgcc|package no package provides (glibc-gconv-extra(x86-32) is not installed|package no package provides (glibc-gconv-extra(x86-64) is not installed,libacl,glibc|libattr,libcap,filesystem|glibc|pam-libs,libgcc,,libstdc++,glibc|libgcc,libzstd,glibc,lua-libs,glibc,popt,glibc,rpm,bash|coreutils|curl|glibc|libarchive|popt|rpm-libs,sqlite-libs,glibc,xz-libs,glibc
curl,bash|glibc|libcurl,bash,filesystem|glibc|ncurses-libs,glibc,filesystem|glibc-common|glibc-minimal-langpack|libgcc|package no package provides (glibc-gconv-extra(x86-32) is not installed|package no package provides (glibc-gconv-extra(x86-64) is not installed,libcurl,glibc|krb5-libs|libbrotli|libidn2|libnghttp2|libpsl|libssh|openldap|openssl-libs|zlib-ng-compat
dhcpcd,
iproute,elfutils-libelf|filesystem|glibc|libbpf|libcap|libmnl|libselinux|psmisc,elfutils-libelf,glibc|libzstd|zlib-ng-compat,filesystem,setup,glibc,filesystem|glibc-common|glibc-minimal-langpack|libgcc|package no package provides (glibc-gconv-extra(x86-32) is not installed|package no package provides (glibc-gconv-extra(x86-64) is not installed,libbpf,elfutils-libelf|glibc|zlib-ng-compat,libcap,filesystem|glibc|pam-libs,libmnl,glibc,libselinux,glibc|libsepol|pcre2,psmisc,filesystem|glibc|ncurses-libs
iputils,filesystem|glibc|libcap|libidn2,filesystem,setup,glibc,filesystem|glibc-common|glibc-minimal-langpack|libgcc|package no package provides (glibc-gconv-extra(x86-32) is not installed|package no package provides (glibc-gconv-extra(x86-64) is not installed,libcap,filesystem|glibc|pam-libs,libidn2,glibc|libunistring
systemd-networkd,bash|glibc|libgcc|systemd|systemd-shared,bash,filesystem|glibc|ncurses-libs,glibc,filesystem|glibc-common|glibc-minimal-langpack|libgcc|package no package provides (glibc-gconv-extra(x86-32) is not installed|package no package provides (glibc-gconv-extra(x86-64) is not installed,libgcc,,systemd,audit-libs|bash|coreutils|dbus|filesystem|glibc|grep|libacl|libblkid|libcap|libfdisk|libgcc|libmount|libseccomp|libselinux|openssl-libs|package no package provides (libbpf is not installed|package no package provides (systemd-rpm-macros is not installed|package no package provides (util-linux-core or util-linux) is not installed|pam-libs|systemd-libs|systemd-pam|systemd-shared|systemd-standalone-sysusers
iptables,
bzip2-libs,glibc,glibc,filesystem|glibc-common|glibc-minimal-langpack|libgcc|package no package provides (glibc-gconv-extra(x86-32) is not installed|package no package provides (glibc-gconv-extra(x86-64) is not installed
gzip,bash|coreutils|glibc,bash,filesystem|glibc|ncurses-libs,coreutils,coreutils-common|filesystem|glibc|gmp|libacl|libattr|libcap|libselinux|openssl-libs|systemd-libs,glibc,filesystem|glibc-common|glibc-minimal-langpack|libgcc|package no package provides (glibc-gconv-extra(x86-32) is not installed|package no package provides (glibc-gconv-extra(x86-64) is not installed
tar,glibc|libacl|libselinux,glibc,filesystem|glibc-common|glibc-minimal-langpack|libgcc|package no package provides (glibc-gconv-extra(x86-32) is not installed|package no package provides (glibc-gconv-extra(x86-64) is not installed,libacl,glibc|libattr,libselinux,glibc|libsepol|pcre2
xz,bash|glibc|grep|xz-libs,bash,filesystem|glibc|ncurses-libs,glibc,filesystem|glibc-common|glibc-minimal-langpack|libgcc|package no package provides (glibc-gconv-extra(x86-32) is not installed|package no package provides (glibc-gconv-extra(x86-64) is not installed,grep,bash|glibc|pcre2,xz-libs,glibc
xz-libs,glibc,glibc,filesystem|glibc-common|glibc-minimal-langpack|libgcc|package no package provides (glibc-gconv-extra(x86-32) is not installed|package no package provides (glibc-gconv-extra(x86-64) is not installed
zstd,bash|glibc|libgcc|libstdc++|lz4-libs|xz-libs|zlib-ng-compat,bash,filesystem|glibc|ncurses-libs,glibc,filesystem|glibc-common|glibc-minimal-langpack|libgcc|package no package provides (glibc-gconv-extra(x86-32) is not installed|package no package provides (glibc-gconv-extra(x86-64) is not installed,libgcc,,libstdc++,glibc|libgcc,xz-libs,glibc
e2fsprogs,e2fsprogs-libs|filesystem|fuse3-libs|glibc|libblkid|libcom_err|libss|libuuid,e2fsprogs-libs,glibc|libcom_err,filesystem,setup,glibc,filesystem|glibc-common|glibc-minimal-langpack|libgcc|package no package provides (glibc-gconv-extra(x86-32) is not installed|package no package provides (glibc-gconv-extra(x86-64) is not installed
e2fsprogs-libs,glibc|libcom_err,glibc,filesystem|glibc-common|glibc-minimal-langpack|libgcc|package no package provides (glibc-gconv-extra(x86-32) is not installed|package no package provides (glibc-gconv-extra(x86-64) is not installed
lvm2,bash|device-mapper-event-libs|device-mapper-persistent-data|filesystem|glibc|kmod|libaio|libblkid|libedit|libselinux|lvm2-libs|package no package provides (system-release is not installed|systemd|systemd-libs,bash,filesystem|glibc|ncurses-libs,device-mapper-event-libs,device-mapper-libs|glibc,filesystem,setup,glibc,filesystem|glibc-common|glibc-minimal-langpack|libgcc|package no package provides (glibc-gconv-extra(x86-32) is not installed|package no package provides (glibc-gconv-extra(x86-64) is not installed,kmod,filesystem|glibc|libgcc|libzstd|openssl-libs|pkgconf-pkg-config|xz-libs|zlib-ng-compat,libaio,glibc,libedit,glibc|ncurses-libs,libselinux,glibc|libsepol|pcre2,systemd,audit-libs|bash|coreutils|dbus|filesystem|glibc|grep|libacl|libblkid|libcap|libfdisk|libgcc|libmount|libseccomp|libselinux|openssl-libs|package no package provides (libbpf is not installed|package no package provides (systemd-rpm-macros is not installed|package no package provides (util-linux-core or util-linux) is not installed|pam-libs|systemd-libs|systemd-pam|systemd-shared|systemd-standalone-sysusers,systemd-libs,glibc|libcap|libgcc
parted,device-mapper-libs|filesystem|glibc|libblkid|libuuid|ncurses-libs|readline,device-mapper-libs,device-mapper|glibc|libselinux|systemd-libs,filesystem,setup,glibc,filesystem|glibc-common|glibc-minimal-langpack|libgcc|package no package provides (glibc-gconv-extra(x86-32) is not installed|package no package provides (glibc-gconv-extra(x86-64) is not installed,ncurses-libs,glibc|ncurses-base,readline,glibc|ncurses-libs
xfsprogs,bash|filesystem|glibc|inih|libblkid|libedit|libuuid|userspace-rcu,bash,filesystem|glibc|ncurses-libs,filesystem,setup,glibc,filesystem|glibc-common|glibc-minimal-langpack|libgcc|package no package provides (glibc-gconv-extra(x86-32) is not installed|package no package provides (glibc-gconv-extra(x86-64) is not installed,libedit,glibc|ncurses-libs,userspace-rcu,glibc
cryptsetup,cryptsetup-libs|filesystem|glibc|libblkid|libpwquality|libuuid|popt,cryptsetup-libs,device-mapper-libs|glibc|json-c|libblkid|libuuid|openssl-libs,filesystem,setup,glibc,filesystem|glibc-common|glibc-minimal-langpack|libgcc|package no package provides (glibc-gconv-extra(x86-32) is not installed|package no package provides (glibc-gconv-extra(x86-64) is not installed,libpwquality,cracklib|glibc|pam-libs,popt,glibc
dbus,package no package provides (dbus-broker is not installed
device-mapper,bash|device-mapper-libs|filesystem|glibc|systemd|util-linux-core,bash,filesystem|glibc|ncurses-libs,device-mapper-libs,device-mapper|glibc|libselinux|systemd-libs,filesystem,setup,glibc,filesystem|glibc-common|glibc-minimal-langpack|libgcc|package no package provides (glibc-gconv-extra(x86-32) is not installed|package no package provides (glibc-gconv-extra(x86-64) is not installed,systemd,audit-libs|bash|coreutils|dbus|filesystem|glibc|grep|libacl|libblkid|libcap|libfdisk|libgcc|libmount|libseccomp|libselinux|openssl-libs|package no package provides (libbpf is not installed|package no package provides (systemd-rpm-macros is not installed|package no package provides (util-linux-core or util-linux) is not installed|pam-libs|systemd-libs|systemd-pam|systemd-shared|systemd-standalone-sysusers
device-mapper-event,bash|device-mapper|device-mapper-event-libs|device-mapper-libs|filesystem|glibc|libgcc|systemd,bash,filesystem|glibc|ncurses-libs,device-mapper,bash|device-mapper-libs|filesystem|glibc|systemd|util-linux-core,device-mapper-event-libs,device-mapper-libs|glibc,device-mapper-libs,device-mapper|glibc|libselinux|systemd-libs,filesystem,setup,glibc,filesystem|glibc-common|glibc-minimal-langpack|libgcc|package no package provides (glibc-gconv-extra(x86-32) is not installed|package no package provides (glibc-gconv-extra(x86-64) is not installed,libgcc,,systemd,audit-libs|bash|coreutils|dbus|filesystem|glibc|grep|libacl|libblkid|libcap|libfdisk|libgcc|libmount|libseccomp|libselinux|openssl-libs|package no package provides (libbpf is not installed|package no package provides (systemd-rpm-macros is not installed|package no package provides (util-linux-core or util-linux) is not installed|pam-libs|systemd-libs|systemd-pam|systemd-shared|systemd-standalone-sysusers
device-mapper-event-libs,device-mapper-libs|glibc,device-mapper-libs,device-mapper|glibc|libselinux|systemd-libs,glibc,filesystem|glibc-common|glibc-minimal-langpack|libgcc|package no package provides (glibc-gconv-extra(x86-32) is not installed|package no package provides (glibc-gconv-extra(x86-64) is not installed
device-mapper-libs,device-mapper|glibc|libselinux|systemd-libs,device-mapper,bash|device-mapper-libs|filesystem|glibc|systemd|util-linux-core,glibc,filesystem|glibc-common|glibc-minimal-langpack|libgcc|package no package provides (glibc-gconv-extra(x86-32) is not installed|package no package provides (glibc-gconv-extra(x86-64) is not installed,libselinux,glibc|libsepol|pcre2,systemd-libs,glibc|libcap|libgcc
pciutils-libs,glibc,glibc,filesystem|glibc-common|glibc-minimal-langpack|libgcc|package no package provides (glibc-gconv-extra(x86-32) is not installed|package no package provides (glibc-gconv-extra(x86-64) is not installed
systemd-udev,bash|cryptsetup-libs|filesystem|glibc|grep|kbd|kmod|kmod-libs|libblkid|libfdisk|libgcc|libselinux|openssl-libs|package no package provides (grubby is not installed|package no package provides (sdubby is not installed|systemd|systemd-shared,bash,filesystem|glibc|ncurses-libs,cryptsetup-libs,device-mapper-libs|glibc|json-c|libblkid|libuuid|openssl-libs,filesystem,setup,glibc,filesystem|glibc-common|glibc-minimal-langpack|libgcc|package no package provides (glibc-gconv-extra(x86-32) is not installed|package no package provides (glibc-gconv-extra(x86-64) is not installed,grep,bash|glibc|pcre2,kbd,bash|glibc|kbd-legacy|kbd-misc|pam-libs,kmod,filesystem|glibc|libgcc|libzstd|openssl-libs|pkgconf-pkg-config|xz-libs|zlib-ng-compat,libgcc,,libselinux,glibc|libsepol|pcre2,openssl-libs,ca-certificates|crypto-policies|glibc|zlib-ng-compat,systemd,audit-libs|bash|coreutils|dbus|filesystem|glibc|grep|libacl|libblkid|libcap|libfdisk|libgcc|libmount|libseccomp|libselinux|openssl-libs|package no package provides (libbpf is not installed|package no package provides (systemd-rpm-macros is not installed|package no package provides (util-linux-core or util-linux) is not installed|pam-libs|systemd-libs|systemd-pam|systemd-shared|systemd-standalone-sysusers
python3,glibc|python3-libs,glibc,filesystem|glibc-common|glibc-minimal-langpack|libgcc|package no package provides (glibc-gconv-extra(x86-32) is not installed|package no package provides (glibc-gconv-extra(x86-64) is not installed,python3-libs,bash|bzip2-libs|expat|gdbm-libs|glibc|libffi|libuuid|libzstd|mpdecimal|ncurses-libs|openssl-libs|python-pip-wheel|readline|sqlite-libs|tzdata|xz-libs|zlib-ng-compat
python3-charset-normalizer,python3,python3,glibc|python3-libs
python3-configobj,
python3-dbus,dbus-libs|glib2|glibc|python3,glibc,filesystem|glibc-common|glibc-minimal-langpack|libgcc|package no package provides (glibc-gconv-extra(x86-32) is not installed|package no package provides (glibc-gconv-extra(x86-64) is not installed,python3,glibc|python3-libs
python3-distro,python3,python3,glibc|python3-libs
python3-dnf,dnf-data|libmodulemd|python3|python3-hawkey|python3-libcomps|python3-libdnf|python3-rpm,dnf-data,libdnf5,libmodulemd,glib2|glibc|libgcc|libyaml|rpm-libs,python3,glibc|python3-libs,python3-hawkey,glib2|glibc|libdnf|libgcc|libsolv|libstdc++|python3|python3-libdnf|python3-libs,python3-libcomps,glibc|libcomps|python3|python3-libs|zlib-ng-compat,python3-libdnf,glibc|libdnf|libgcc|libsmartcols|libstdc++|python3|python3-libs,python3-rpm,glibc|python3|rpm-build-libs|rpm-libs|rpm-sign-libs
python3-hawkey,glib2|glibc|libdnf|libgcc|libsolv|libstdc++|python3|python3-libdnf|python3-libs,glibc,filesystem|glibc-common|glibc-minimal-langpack|libgcc|package no package provides (glibc-gconv-extra(x86-32) is not installed|package no package provides (glibc-gconv-extra(x86-64) is not installed,libdnf,glib2|glibc|json-c|libgcc|libmodulemd|librepo|libsmartcols|libsolv|libstdc++|rpm-libs|sqlite-libs,libgcc,,libsolv,bzip2-libs|glibc|libxml2|libzstd|rpm-libs|xz-libs|zchunk-libs|zlib-ng-compat,libstdc++,glibc|libgcc,python3,glibc|python3-libs,python3-libdnf,glibc|libdnf|libgcc|libsmartcols|libstdc++|python3|python3-libs,python3-libs,bash|bzip2-libs|expat|gdbm-libs|glibc|libffi|libuuid|libzstd|mpdecimal|ncurses-libs|openssl-libs|python-pip-wheel|readline|sqlite-libs|tzdata|xz-libs|zlib-ng-compat
python3-idna,python3,python3,glibc|python3-libs
python3-jinja2,python3|python3-markupsafe,python3,glibc|python3-libs,python3-markupsafe,glibc|python3
python3-jsonpatch,
python3-jsonpointer,
python3-jsonschema,
python3-libcomps,glibc|libcomps|python3|python3-libs|zlib-ng-compat,glibc,filesystem|glibc-common|glibc-minimal-langpack|libgcc|package no package provides (glibc-gconv-extra(x86-32) is not installed|package no package provides (glibc-gconv-extra(x86-64) is not installed,libcomps,expat|glibc|libxml2,python3,glibc|python3-libs,python3-libs,bash|bzip2-libs|expat|gdbm-libs|glibc|libffi|libuuid|libzstd|mpdecimal|ncurses-libs|openssl-libs|python-pip-wheel|readline|sqlite-libs|tzdata|xz-libs|zlib-ng-compat
python3-libdnf,glibc|libdnf|libgcc|libsmartcols|libstdc++|python3|python3-libs,glibc,filesystem|glibc-common|glibc-minimal-langpack|libgcc|package no package provides (glibc-gconv-extra(x86-32) is not installed|package no package provides (glibc-gconv-extra(x86-64) is not installed,libdnf,glib2|glibc|json-c|libgcc|libmodulemd|librepo|libsmartcols|libsolv|libstdc++|rpm-libs|sqlite-libs,libgcc,,libstdc++,glibc|libgcc,python3,glibc|python3-libs,python3-libs,bash|bzip2-libs|expat|gdbm-libs|glibc|libffi|libuuid|libzstd|mpdecimal|ncurses-libs|openssl-libs|python-pip-wheel|readline|sqlite-libs|tzdata|xz-libs|zlib-ng-compat
python3-libs,bash|bzip2-libs|expat|gdbm-libs|glibc|libffi|libuuid|libzstd|mpdecimal|ncurses-libs|openssl-libs|python-pip-wheel|readline|sqlite-libs|tzdata|xz-libs|zlib-ng-compat,bash,filesystem|glibc|ncurses-libs,bzip2-libs,glibc,expat,glibc,glibc,filesystem|glibc-common|glibc-minimal-langpack|libgcc|package no package provides (glibc-gconv-extra(x86-32) is not installed|package no package provides (glibc-gconv-extra(x86-64) is not installed,libffi,glibc,libzstd,glibc,ncurses-libs,glibc|ncurses-base,openssl-libs,ca-certificates|crypto-policies|glibc|zlib-ng-compat,readline,glibc|ncurses-libs,sqlite-libs,glibc,tzdata,,xz-libs,glibc
python3-markupsafe,glibc|python3,glibc,filesystem|glibc-common|glibc-minimal-langpack|libgcc|package no package provides (glibc-gconv-extra(x86-32) is not installed|package no package provides (glibc-gconv-extra(x86-64) is not installed,python3,glibc|python3-libs
python3-oauthlib,python3,python3,glibc|python3-libs
python3-requests,package no package provides (python3.14dist(charset-normalizer) is not installed|package no package provides (python3.14dist(idna) is not installed|package no package provides (python3.14dist(urllib3) is not installed|python3,python3,glibc|python3-libs
python3-rpm,glibc|python3|rpm-build-libs|rpm-libs|rpm-sign-libs,glibc,filesystem|glibc-common|glibc-minimal-langpack|libgcc|package no package provides (glibc-gconv-extra(x86-32) is not installed|package no package provides (glibc-gconv-extra(x86-64) is not installed,python3,glibc|python3-libs,rpm-build-libs,elfutils-libelf|elfutils-libs|file-libs|glibc|libcap|libgcc|libgomp|libstdc++|lua-libs|popt|rpm-libs|rpm-sign-libs,rpm-libs,bzip2-libs|glibc|libacl|libcap|libgcc|libstdc++|libzstd|lua-libs|popt|rpm|rpm-sequoia|sqlite-libs|systemd-standalone-sysusers|xz-libs|zlib-ng-compat
python3-setuptools,python3,python3,glibc|python3-libs
python3-six,python3,python3,glibc|python3-libs
python3-urllib3,ca-certificates|python3|python3-idna,ca-certificates,bash|coreutils|findutils|grep|libffi|p11-kit|p11-kit-trust|sed,python3,glibc|python3-libs,python3-idna,python3
libaio,glibc,glibc,filesystem|glibc-common|glibc-minimal-langpack|libgcc|package no package provides (glibc-gconv-extra(x86-32) is not installed|package no package provides (glibc-gconv-extra(x86-64) is not installed
libarchive,bzip2-libs|glibc|libacl|libxml2|libzstd|lz4-libs|openssl-libs|xz-libs|zlib-ng-compat,bzip2-libs,glibc,glibc,filesystem|glibc-common|glibc-minimal-langpack|libgcc|package no package provides (glibc-gconv-extra(x86-32) is not installed|package no package provides (glibc-gconv-extra(x86-64) is not installed,libacl,glibc|libattr,libxml2,glibc|xz-libs|zlib-ng-compat,libzstd,glibc,openssl-libs,ca-certificates|crypto-policies|glibc|zlib-ng-compat,xz-libs,glibc
libassuan,glibc|libgpg-error,glibc,filesystem|glibc-common|glibc-minimal-langpack|libgcc|package no package provides (glibc-gconv-extra(x86-32) is not installed|package no package provides (glibc-gconv-extra(x86-64) is not installed,libgpg-error,glibc
libbpf,elfutils-libelf|glibc|zlib-ng-compat,elfutils-libelf,glibc|libzstd|zlib-ng-compat,glibc,filesystem|glibc-common|glibc-minimal-langpack|libgcc|package no package provides (glibc-gconv-extra(x86-32) is not installed|package no package provides (glibc-gconv-extra(x86-64) is not installed
libcap,filesystem|glibc|pam-libs,filesystem,setup,glibc,filesystem|glibc-common|glibc-minimal-langpack|libgcc|package no package provides (glibc-gconv-extra(x86-32) is not installed|package no package provides (glibc-gconv-extra(x86-64) is not installed
libcap-ng,glibc,glibc,filesystem|glibc-common|glibc-minimal-langpack|libgcc|package no package provides (glibc-gconv-extra(x86-32) is not installed|package no package provides (glibc-gconv-extra(x86-64) is not installed
libcomps,expat|glibc|libxml2,expat,glibc,glibc,filesystem|glibc-common|glibc-minimal-langpack|libgcc|package no package provides (glibc-gconv-extra(x86-32) is not installed|package no package provides (glibc-gconv-extra(x86-64) is not installed,libxml2,glibc|xz-libs|zlib-ng-compat
libedit,glibc|ncurses-libs,glibc,filesystem|glibc-common|glibc-minimal-langpack|libgcc|package no package provides (glibc-gconv-extra(x86-32) is not installed|package no package provides (glibc-gconv-extra(x86-64) is not installed,ncurses-libs,glibc|ncurses-base
libevent,glibc|openssl-libs,glibc,filesystem|glibc-common|glibc-minimal-langpack|libgcc|package no package provides (glibc-gconv-extra(x86-32) is not installed|package no package provides (glibc-gconv-extra(x86-64) is not installed,openssl-libs,ca-certificates|crypto-policies|glibc|zlib-ng-compat
libffi,glibc,glibc,filesystem|glibc-common|glibc-minimal-langpack|libgcc|package no package provides (glibc-gconv-extra(x86-32) is not installed|package no package provides (glibc-gconv-extra(x86-64) is not installed
libgomp,glibc,glibc,filesystem|glibc-common|glibc-minimal-langpack|libgcc|package no package provides (glibc-gconv-extra(x86-32) is not installed|package no package provides (glibc-gconv-extra(x86-64) is not installed
libidn2,glibc|libunistring,glibc,filesystem|glibc-common|glibc-minimal-langpack|libgcc|package no package provides (glibc-gconv-extra(x86-32) is not installed|package no package provides (glibc-gconv-extra(x86-64) is not installed,libunistring,glibc
libksba,glibc|libgpg-error,glibc,filesystem|glibc-common|glibc-minimal-langpack|libgcc|package no package provides (glibc-gconv-extra(x86-32) is not installed|package no package provides (glibc-gconv-extra(x86-64) is not installed,libgpg-error,glibc
libmnl,glibc,glibc,filesystem|glibc-common|glibc-minimal-langpack|libgcc|package no package provides (glibc-gconv-extra(x86-32) is not installed|package no package provides (glibc-gconv-extra(x86-64) is not installed
libmodulemd,glib2|glibc|libgcc|libyaml|rpm-libs,glibc,filesystem|glibc-common|glibc-minimal-langpack|libgcc|package no package provides (glibc-gconv-extra(x86-32) is not installed|package no package provides (glibc-gconv-extra(x86-64) is not installed,libgcc,,libyaml,glibc,rpm-libs,bzip2-libs|glibc|libacl|libcap|libgcc|libstdc++|libzstd|lua-libs|popt|rpm|rpm-sequoia|sqlite-libs|systemd-standalone-sysusers|xz-libs|zlib-ng-compat
libnftnl,glibc|libmnl,glibc,filesystem|glibc-common|glibc-minimal-langpack|libgcc|package no package provides (glibc-gconv-extra(x86-32) is not installed|package no package provides (glibc-gconv-extra(x86-64) is not installed,libmnl,glibc
libnl3,glibc|libgcc,glibc,filesystem|glibc-common|glibc-minimal-langpack|libgcc|package no package provides (glibc-gconv-extra(x86-32) is not installed|package no package provides (glibc-gconv-extra(x86-64) is not installed,libgcc,
libpkgconf,glibc,glibc,filesystem|glibc-common|glibc-minimal-langpack|libgcc|package no package provides (glibc-gconv-extra(x86-32) is not installed|package no package provides (glibc-gconv-extra(x86-64) is not installed
libpwquality,cracklib|glibc|pam-libs,cracklib,bash|filesystem|glibc|gzip|zlib-ng-compat,glibc,filesystem|glibc-common|glibc-minimal-langpack|libgcc|package no package provides (glibc-gconv-extra(x86-32) is not installed|package no package provides (glibc-gconv-extra(x86-64) is not installed
librepo,glib2|glibc|libcurl|libgcc|libxml2|openssl-libs|rpm-libs|zchunk-libs,glibc,filesystem|glibc-common|glibc-minimal-langpack|libgcc|package no package provides (glibc-gconv-extra(x86-32) is not installed|package no package provides (glibc-gconv-extra(x86-64) is not installed,libcurl,glibc|krb5-libs|libbrotli|libidn2|libnghttp2|libpsl|libssh|openldap|openssl-libs|zlib-ng-compat,libgcc,,libxml2,glibc|xz-libs|zlib-ng-compat,openssl-libs,ca-certificates|crypto-policies|glibc|zlib-ng-compat,rpm-libs,bzip2-libs|glibc|libacl|libcap|libgcc|libstdc++|libzstd|lua-libs|popt|rpm|rpm-sequoia|sqlite-libs|systemd-standalone-sysusers|xz-libs|zlib-ng-compat,zchunk-libs,glibc|libzstd|openssl-libs
libseccomp,glibc,glibc,filesystem|glibc-common|glibc-minimal-langpack|libgcc|package no package provides (glibc-gconv-extra(x86-32) is not installed|package no package provides (glibc-gconv-extra(x86-64) is not installed
libsemanage,audit-libs|bzip2-libs|glibc|libselinux|libsepol,audit-libs,glibc|libcap-ng,bzip2-libs,glibc,glibc,filesystem|glibc-common|glibc-minimal-langpack|libgcc|package no package provides (glibc-gconv-extra(x86-32) is not installed|package no package provides (glibc-gconv-extra(x86-64) is not installed,libselinux,glibc|libsepol|pcre2,libsepol,glibc
libsepol,glibc,glibc,filesystem|glibc-common|glibc-minimal-langpack|libgcc|package no package provides (glibc-gconv-extra(x86-32) is not installed|package no package provides (glibc-gconv-extra(x86-64) is not installed
libsolv,bzip2-libs|glibc|libxml2|libzstd|rpm-libs|xz-libs|zchunk-libs|zlib-ng-compat,bzip2-libs,glibc,glibc,filesystem|glibc-common|glibc-minimal-langpack|libgcc|package no package provides (glibc-gconv-extra(x86-32) is not installed|package no package provides (glibc-gconv-extra(x86-64) is not installed,libxml2,glibc|xz-libs|zlib-ng-compat,libzstd,glibc,rpm-libs,bzip2-libs|glibc|libacl|libcap|libgcc|libstdc++|libzstd|lua-libs|popt|rpm|rpm-sequoia|sqlite-libs|systemd-standalone-sysusers|xz-libs|zlib-ng-compat,xz-libs,glibc,zchunk-libs,glibc|libzstd|openssl-libs
libstdc++,glibc|libgcc,glibc,filesystem|glibc-common|glibc-minimal-langpack|libgcc|package no package provides (glibc-gconv-extra(x86-32) is not installed|package no package provides (glibc-gconv-extra(x86-64) is not installed,libgcc,
libtasn1,glibc,glibc,filesystem|glibc-common|glibc-minimal-langpack|libgcc|package no package provides (glibc-gconv-extra(x86-32) is not installed|package no package provides (glibc-gconv-extra(x86-64) is not installed
libunistring,glibc,glibc,filesystem|glibc-common|glibc-minimal-langpack|libgcc|package no package provides (glibc-gconv-extra(x86-32) is not installed|package no package provides (glibc-gconv-extra(x86-64) is not installed
libxcrypt,glibc,glibc,filesystem|glibc-common|glibc-minimal-langpack|libgcc|package no package provides (glibc-gconv-extra(x86-32) is not installed|package no package provides (glibc-gconv-extra(x86-64) is not installed
libxkbcommon,glibc|libxml2|xkeyboard-config,glibc,filesystem|glibc-common|glibc-minimal-langpack|libgcc|package no package provides (glibc-gconv-extra(x86-32) is not installed|package no package provides (glibc-gconv-extra(x86-64) is not installed,libxml2,glibc|xz-libs|zlib-ng-compat,xkeyboard-config,
libxml2,glibc|xz-libs|zlib-ng-compat,glibc,filesystem|glibc-common|glibc-minimal-langpack|libgcc|package no package provides (glibc-gconv-extra(x86-32) is not installed|package no package provides (glibc-gconv-extra(x86-64) is not installed,xz-libs,glibc
libyaml,glibc,glibc,filesystem|glibc-common|glibc-minimal-langpack|libgcc|package no package provides (glibc-gconv-extra(x86-32) is not installed|package no package provides (glibc-gconv-extra(x86-64) is not installed
diffutils,glibc,glibc,filesystem|glibc-common|glibc-minimal-langpack|libgcc|package no package provides (glibc-gconv-extra(x86-32) is not installed|package no package provides (glibc-gconv-extra(x86-64) is not installed
libgcc,
gawk,bash|filesystem|glibc|gmp|mpfr|readline,bash,filesystem|glibc|ncurses-libs,filesystem,setup,glibc,filesystem|glibc-common|glibc-minimal-langpack|libgcc|package no package provides (glibc-gconv-extra(x86-32) is not installed|package no package provides (glibc-gconv-extra(x86-64) is not installed,gmp,glibc,mpfr,glibc|gmp,readline,glibc|ncurses-libs
grep,bash|glibc|pcre2,bash,filesystem|glibc|ncurses-libs,glibc,filesystem|glibc-common|glibc-minimal-langpack|libgcc|package no package provides (glibc-gconv-extra(x86-32) is not installed|package no package provides (glibc-gconv-extra(x86-64) is not installed,pcre2,glibc|pcre2-syntax
less,bash|glibc|ncurses-libs,bash,filesystem|glibc|ncurses-libs,glibc,filesystem|glibc-common|glibc-minimal-langpack|libgcc|package no package provides (glibc-gconv-extra(x86-32) is not installed|package no package provides (glibc-gconv-extra(x86-64) is not installed,ncurses-libs,glibc|ncurses-base
nano,file-libs|glibc|ncurses-libs,file-libs,glibc|zlib-ng-compat,glibc,filesystem|glibc-common|glibc-minimal-langpack|libgcc|package no package provides (glibc-gconv-extra(x86-32) is not installed|package no package provides (glibc-gconv-extra(x86-64) is not installed,ncurses-libs,glibc|ncurses-base
chrony,
tzdata,
ca-certificates,bash|coreutils|findutils|grep|libffi|p11-kit|p11-kit-trust|sed,bash,filesystem|glibc|ncurses-libs,coreutils,coreutils-common|filesystem|glibc|gmp|libacl|libattr|libcap|libselinux|openssl-libs|systemd-libs,findutils,glibc|libselinux,grep,bash|glibc|pcre2,libffi,glibc,p11-kit,glibc|libffi|libtasn1,p11-kit-trust,alternatives|bash|glibc|libtasn1|p11-kit,sed,glibc|libacl|libselinux
p11-kit,glibc|libffi|libtasn1,glibc,filesystem|glibc-common|glibc-minimal-langpack|libgcc|package no package provides (glibc-gconv-extra(x86-32) is not installed|package no package provides (glibc-gconv-extra(x86-64) is not installed,libffi,glibc,libtasn1,glibc
p11-kit-trust,alternatives|bash|glibc|libtasn1|p11-kit,bash,filesystem|glibc|ncurses-libs,glibc,filesystem|glibc-common|glibc-minimal-langpack|libgcc|package no package provides (glibc-gconv-extra(x86-32) is not installed|package no package provides (glibc-gconv-extra(x86-64) is not installed,libtasn1,glibc,p11-kit,glibc|libffi|libtasn1
logrotate,bash|coreutils|filesystem|glibc|libacl|libselinux|popt|systemd,bash,filesystem|glibc|ncurses-libs,coreutils,coreutils-common|filesystem|glibc|gmp|libacl|libattr|libcap|libselinux|openssl-libs|systemd-libs,filesystem,setup,glibc,filesystem|glibc-common|glibc-minimal-langpack|libgcc|package no package provides (glibc-gconv-extra(x86-32) is not installed|package no package provides (glibc-gconv-extra(x86-64) is not installed,libacl,glibc|libattr,libselinux,glibc|libsepol|pcre2,popt,glibc,systemd,audit-libs|bash|coreutils|dbus|filesystem|glibc|grep|libacl|libblkid|libcap|libfdisk|libgcc|libmount|libseccomp|libselinux|openssl-libs|package no package provides (libbpf is not installed|package no package provides (systemd-rpm-macros is not installed|package no package provides (util-linux-core or util-linux) is not installed|pam-libs|systemd-libs|systemd-pam|systemd-shared|systemd-standalone-sysusers
procps-ng,filesystem|glibc|ncurses-libs|systemd-libs,filesystem,setup,glibc,filesystem|glibc-common|glibc-minimal-langpack|libgcc|package no package provides (glibc-gconv-extra(x86-32) is not installed|package no package provides (glibc-gconv-extra(x86-64) is not installed,ncurses-libs,glibc|ncurses-base,systemd-libs,glibc|libcap|libgcc
psmisc,filesystem|glibc|ncurses-libs,filesystem,setup,glibc,filesystem|glibc-common|glibc-minimal-langpack|libgcc|package no package provides (glibc-gconv-extra(x86-32) is not installed|package no package provides (glibc-gconv-extra(x86-64) is not installed,ncurses-libs,glibc|ncurses-base
expat,glibc,glibc,filesystem|glibc-common|glibc-minimal-langpack|libgcc|package no package provides (glibc-gconv-extra(x86-32) is not installed|package no package provides (glibc-gconv-extra(x86-64) is not installed
sqlite-libs,glibc,glibc,filesystem|glibc-common|glibc-minimal-langpack|libgcc|package no package provides (glibc-gconv-extra(x86-32) is not installed|package no package provides (glibc-gconv-extra(x86-64) is not installed
man-db,alternatives|bash|coreutils|filesystem|gdbm-libs|glibc|grep|groff-base|gzip|less|libpipeline|zlib-ng-compat,bash,filesystem|glibc|ncurses-libs,coreutils,coreutils-common|filesystem|glibc|gmp|libacl|libattr|libcap|libselinux|openssl-libs|systemd-libs,filesystem,setup,glibc,filesystem|glibc-common|glibc-minimal-langpack|libgcc|package no package provides (glibc-gconv-extra(x86-32) is not installed|package no package provides (glibc-gconv-extra(x86-64) is not installed,grep,bash|glibc|pcre2,groff-base,alternatives|bash|glibc|libgcc|libstdc++,gzip,bash|coreutils|glibc,less,bash|glibc|ncurses-libs
cracklib,bash|filesystem|glibc|gzip|zlib-ng-compat,bash,filesystem|glibc|ncurses-libs,filesystem,setup,glibc,filesystem|glibc-common|glibc-minimal-langpack|libgcc|package no package provides (glibc-gconv-extra(x86-32) is not installed|package no package provides (glibc-gconv-extra(x86-64) is not installed,gzip,bash|coreutils|glibc
cracklib-dicts,cracklib|filesystem,cracklib,bash|filesystem|glibc|gzip|zlib-ng-compat,filesystem,setup
cryptsetup-libs,device-mapper-libs|glibc|json-c|libblkid|libuuid|openssl-libs,device-mapper-libs,device-mapper|glibc|libselinux|systemd-libs,glibc,filesystem|glibc-common|glibc-minimal-langpack|libgcc|package no package provides (glibc-gconv-extra(x86-32) is not installed|package no package provides (glibc-gconv-extra(x86-64) is not installed,json-c,glibc,openssl-libs,ca-certificates|crypto-policies|glibc|zlib-ng-compat
elfutils-default-yama-scope,bash,bash,filesystem|glibc|ncurses-libs
elfutils-libelf,glibc|libzstd|zlib-ng-compat,glibc,filesystem|glibc-common|glibc-minimal-langpack|libgcc|package no package provides (glibc-gconv-extra(x86-32) is not installed|package no package provides (glibc-gconv-extra(x86-64) is not installed,libzstd,glibc
file,file-libs|glibc,file-libs,glibc|zlib-ng-compat,glibc,filesystem|glibc-common|glibc-minimal-langpack|libgcc|package no package provides (glibc-gconv-extra(x86-32) is not installed|package no package provides (glibc-gconv-extra(x86-64) is not installed
file-libs,glibc|zlib-ng-compat,glibc,filesystem|glibc-common|glibc-minimal-langpack|libgcc|package no package provides (glibc-gconv-extra(x86-32) is not installed|package no package provides (glibc-gconv-extra(x86-64) is not installed
gdbm,gdbm-libs|glibc|readline,glibc,filesystem|glibc-common|glibc-minimal-langpack|libgcc|package no package provides (glibc-gconv-extra(x86-32) is not installed|package no package provides (glibc-gconv-extra(x86-64) is not installed,readline,glibc|ncurses-libs
gmp,glibc,glibc,filesystem|glibc-common|glibc-minimal-langpack|libgcc|package no package provides (glibc-gconv-extra(x86-32) is not installed|package no package provides (glibc-gconv-extra(x86-64) is not installed
gnupg2,bzip2-libs|glibc|gnupg2-dirmngr|gnupg2-gpg-agent|gnupg2-gpgconf|gnupg2-keyboxd|gnupg2-verify|libassuan|libgcrypt|libgpg-error|npth|readline|sqlite-libs|zlib-ng-compat,bzip2-libs,glibc,glibc,filesystem|glibc-common|glibc-minimal-langpack|libgcc|package no package provides (glibc-gconv-extra(x86-32) is not installed|package no package provides (glibc-gconv-extra(x86-64) is not installed,libassuan,glibc|libgpg-error,libgcrypt,glibc|libgpg-error,libgpg-error,glibc,npth,glibc,readline,glibc|ncurses-libs,sqlite-libs,glibc
groff-base,alternatives|bash|glibc|libgcc|libstdc++,bash,filesystem|glibc|ncurses-libs,glibc,filesystem|glibc-common|glibc-minimal-langpack|libgcc|package no package provides (glibc-gconv-extra(x86-32) is not installed|package no package provides (glibc-gconv-extra(x86-64) is not installed,libgcc,,libstdc++,glibc|libgcc
hostname,
json-c,glibc,glibc,filesystem|glibc-common|glibc-minimal-langpack|libgcc|package no package provides (glibc-gconv-extra(x86-32) is not installed|package no package provides (glibc-gconv-extra(x86-64) is not installed
kbd,bash|glibc|kbd-legacy|kbd-misc|pam-libs,bash,filesystem|glibc|ncurses-libs,glibc,filesystem|glibc-common|glibc-minimal-langpack|libgcc|package no package provides (glibc-gconv-extra(x86-32) is not installed|package no package provides (glibc-gconv-extra(x86-64) is not installed
lmdb-libs,glibc,glibc,filesystem|glibc-common|glibc-minimal-langpack|libgcc|package no package provides (glibc-gconv-extra(x86-32) is not installed|package no package provides (glibc-gconv-extra(x86-64) is not installed
lua-libs,glibc,glibc,filesystem|glibc-common|glibc-minimal-langpack|libgcc|package no package provides (glibc-gconv-extra(x86-32) is not installed|package no package provides (glibc-gconv-extra(x86-64) is not installed
mpfr,glibc|gmp,glibc,filesystem|glibc-common|glibc-minimal-langpack|libgcc|package no package provides (glibc-gconv-extra(x86-32) is not installed|package no package provides (glibc-gconv-extra(x86-64) is not installed,gmp,glibc
nettle,glibc|gmp,glibc,filesystem|glibc-common|glibc-minimal-langpack|libgcc|package no package provides (glibc-gconv-extra(x86-32) is not installed|package no package provides (glibc-gconv-extra(x86-64) is not installed,gmp,glibc
npth,glibc,glibc,filesystem|glibc-common|glibc-minimal-langpack|libgcc|package no package provides (glibc-gconv-extra(x86-32) is not installed|package no package provides (glibc-gconv-extra(x86-64) is not installed
openldap,cyrus-sasl-lib|glibc|libevent|libtool-ltdl|openssl-libs,cyrus-sasl-lib,filesystem|gdbm-libs|glibc|libxcrypt,glibc,filesystem|glibc-common|glibc-minimal-langpack|libgcc|package no package provides (glibc-gconv-extra(x86-32) is not installed|package no package provides (glibc-gconv-extra(x86-64) is not installed,libevent,glibc|openssl-libs,openssl-libs,ca-certificates|crypto-policies|glibc|zlib-ng-compat
pcre2,glibc|pcre2-syntax,glibc,filesystem|glibc-common|glibc-minimal-langpack|libgcc|package no package provides (glibc-gconv-extra(x86-32) is not installed|package no package provides (glibc-gconv-extra(x86-64) is not installed
pinentry,
pkgconf,glibc|libpkgconf,glibc,filesystem|glibc-common|glibc-minimal-langpack|libgcc|package no package provides (glibc-gconv-extra(x86-32) is not installed|package no package provides (glibc-gconv-extra(x86-64) is not installed,libpkgconf,glibc
pkgconf-m4,
pkgconf-pkg-config,bash|pkgconf|pkgconf-m4,bash,filesystem|glibc|ncurses-libs,pkgconf,glibc|libpkgconf,pkgconf-m4,
popt,glibc,glibc,filesystem|glibc-common|glibc-minimal-langpack|libgcc|package no package provides (glibc-gconv-extra(x86-32) is not installed|package no package provides (glibc-gconv-extra(x86-64) is not installed
rsync,bash|glibc|libacl|libzstd|lz4-libs|openssl-libs|popt|xxhash-libs,bash,filesystem|glibc|ncurses-libs,glibc,filesystem|glibc-common|glibc-minimal-langpack|libgcc|package no package provides (glibc-gconv-extra(x86-32) is not installed|package no package provides (glibc-gconv-extra(x86-64) is not installed,libacl,glibc|libattr,libzstd,glibc,openssl-libs,ca-certificates|crypto-policies|glibc|zlib-ng-compat,popt,glibc
systemd-pam,glibc|libcap|libgcc|pam-libs|systemd,glibc,filesystem|glibc-common|glibc-minimal-langpack|libgcc|package no package provides (glibc-gconv-extra(x86-32) is not installed|package no package provides (glibc-gconv-extra(x86-64) is not installed,libcap,filesystem|glibc|pam-libs,libgcc,,systemd,audit-libs|bash|coreutils|dbus|filesystem|glibc|grep|libacl|libblkid|libcap|libfdisk|libgcc|libmount|libseccomp|libselinux|openssl-libs|package no package provides (libbpf is not installed|package no package provides (systemd-rpm-macros is not installed|package no package provides (util-linux-core or util-linux) is not installed|pam-libs|systemd-libs|systemd-pam|systemd-shared|systemd-standalone-sysusers
systemd-resolved,bash|filesystem|glibc|grep|libgcc|libidn2|openssl-libs|systemd|systemd-shared,bash,filesystem|glibc|ncurses-libs,filesystem,setup,glibc,filesystem|glibc-common|glibc-minimal-langpack|libgcc|package no package provides (glibc-gconv-extra(x86-32) is not installed|package no package provides (glibc-gconv-extra(x86-64) is not installed,grep,bash|glibc|pcre2,libgcc,,libidn2,glibc|libunistring,openssl-libs,ca-certificates|crypto-policies|glibc|zlib-ng-compat,systemd,audit-libs|bash|coreutils|dbus|filesystem|glibc|grep|libacl|libblkid|libcap|libfdisk|libgcc|libmount|libseccomp|libselinux|openssl-libs|package no package provides (libbpf is not installed|package no package provides (systemd-rpm-macros is not installed|package no package provides (util-linux-core or util-linux) is not installed|pam-libs|systemd-libs|systemd-pam|systemd-shared|systemd-standalone-sysusers
tpm2-tss,glibc|json-c|libusb1|libuuid|openssl-libs,glibc,filesystem|glibc-common|glibc-minimal-langpack|libgcc|package no package provides (glibc-gconv-extra(x86-32) is not installed|package no package provides (glibc-gconv-extra(x86-64) is not installed,json-c,glibc,openssl-libs,ca-certificates|crypto-policies|glibc|zlib-ng-compat
userspace-rcu,glibc,glibc,filesystem|glibc-common|glibc-minimal-langpack|libgcc|package no package provides (glibc-gconv-extra(x86-32) is not installed|package no package provides (glibc-gconv-extra(x86-64) is not installed
xkeyboard-config,
zchunk-libs,glibc|libzstd|openssl-libs,glibc,filesystem|glibc-common|glibc-minimal-langpack|libgcc|package no package provides (glibc-gconv-extra(x86-32) is not installed|package no package provides (glibc-gconv-extra(x86-64) is not installed,libzstd,glibc,openssl-libs,ca-certificates|crypto-policies|glibc|zlib-ng-compat
acl,glibc|libacl,glibc,filesystem|glibc-common|glibc-minimal-langpack|libgcc|package no package provides (glibc-gconv-extra(x86-32) is not installed|package no package provides (glibc-gconv-extra(x86-64) is not installed,libacl,glibc|libattr
attr,glibc|libattr,glibc,filesystem|glibc-common|glibc-minimal-langpack|libgcc|package no package provides (glibc-gconv-extra(x86-32) is not installed|package no package provides (glibc-gconv-extra(x86-64) is not installed,libattr,glibc
cyrus-sasl,
shim,
kernel-devel,
kernel-headers,
kernel-tools,
rpm-devel,
systemd-rpm-macros,
bind-libs,fstrm|glibc|json-c|krb5-libs|libcom_err|libmaxminddb|libnghttp2|libuv|libxml2|lmdb-libs|openssl-libs|protobuf-c|zlib-ng-compat,glibc,filesystem|glibc-common|glibc-minimal-langpack|libgcc|package no package provides (glibc-gconv-extra(x86-32) is not installed|package no package provides (glibc-gconv-extra(x86-64) is not installed,json-c,glibc,krb5-libs,coreutils|crypto-policies|glibc|keyutils-libs|libcom_err|libselinux|libverto|openssl-libs,libuv,glibc,libxml2,glibc|xz-libs|zlib-ng-compat,lmdb-libs,glibc,openssl-libs,ca-certificates|crypto-policies|glibc|zlib-ng-compat
bind-license,
bind-utils,bind-libs|filesystem|glibc|krb5-libs|libidn2|lmdb-libs|protobuf-c,bind-libs,fstrm|glibc|json-c|krb5-libs|libcom_err|libmaxminddb|libnghttp2|libuv|libxml2|lmdb-libs|openssl-libs|protobuf-c|zlib-ng-compat,filesystem,setup,glibc,filesystem|glibc-common|glibc-minimal-langpack|libgcc|package no package provides (glibc-gconv-extra(x86-32) is not installed|package no package provides (glibc-gconv-extra(x86-64) is not installed,krb5-libs,coreutils|crypto-policies|glibc|keyutils-libs|libcom_err|libselinux|libverto|openssl-libs,libidn2,glibc|libunistring,lmdb-libs,glibc
net-tools,
wget,
brotli,
bzip2,bash|bzip2-libs|glibc,bash,filesystem|glibc|ncurses-libs,bzip2-libs,glibc,glibc,filesystem|glibc-common|glibc-minimal-langpack|libgcc|package no package provides (glibc-gconv-extra(x86-32) is not installed|package no package provides (glibc-gconv-extra(x86-64) is not installed
lz4,
unzip,bash|bzip2-libs|glibc,bash,filesystem|glibc|ncurses-libs,bzip2-libs,glibc,glibc,filesystem|glibc-common|glibc-minimal-langpack|libgcc|package no package provides (glibc-gconv-extra(x86-32) is not installed|package no package provides (glibc-gconv-extra(x86-64) is not installed
zlib,
emacs-filesystem,
python3-pyyaml,glibc|libyaml|python3,glibc,filesystem|glibc-common|glibc-minimal-langpack|libgcc|package no package provides (glibc-gconv-extra(x86-32) is not installed|package no package provides (glibc-gconv-extra(x86-64) is not installed,libyaml,glibc,python3,glibc|python3-libs
python3-asn1crypto,
python3-blinker,
python3-certifi,ca-certificates|python3,ca-certificates,bash|coreutils|findutils|grep|libffi|p11-kit|p11-kit-trust|sed,python3,glibc|python3-libs
python3-cffi,glibc|libffi|python3|python3-pycparser,glibc,filesystem|glibc-common|glibc-minimal-langpack|libgcc|package no package provides (glibc-gconv-extra(x86-32) is not installed|package no package provides (glibc-gconv-extra(x86-64) is not installed,libffi,glibc,python3,glibc|python3-libs,python3-pycparser,python3|python3-ply
python3-cryptography,glibc|libgcc|openssl-libs|python3|python3-cffi,glibc,filesystem|glibc-common|glibc-minimal-langpack|libgcc|package no package provides (glibc-gconv-extra(x86-32) is not installed|package no package provides (glibc-gconv-extra(x86-64) is not installed,libgcc,,openssl-libs,ca-certificates|crypto-policies|glibc|zlib-ng-compat,python3,glibc|python3-libs,python3-cffi,glibc|libffi|python3|python3-pycparser
python3-gpg,
python3-jwt,python3,python3,glibc|python3-libs
python3-netifaces,
python3-packaging,python3,python3,glibc|python3-libs
python3-prettytable,
python3-pyOpenSSL,package no package provides (python3.14dist(cryptography) is not installed|python3,python3,glibc|python3-libs
python3-pyasn1,python3,python3,glibc|python3-libs
python3-pycparser,python3|python3-ply,python3,glibc|python3-libs
python3-pyparsing,
python3-wcwidth,python3,python3,glibc|python3-libs
perl-Carp,perl-Exporter|perl-libs,perl-Exporter,perl-Carp|perl-libs,perl-libs,glibc|libxcrypt|perl-Carp|perl-DynaLoader|perl-Encode|perl-Exporter|perl-PathTools
perl-Class-Struct,perl-Carp|perl-Exporter|perl-libs,perl-Carp,perl-Exporter|perl-libs,perl-Exporter,perl-Carp|perl-libs,perl-libs,glibc|libxcrypt|perl-Carp|perl-DynaLoader|perl-Encode|perl-Exporter|perl-PathTools
perl-DynaLoader,perl-Carp|perl-libs|perl-vars,perl-Carp,perl-Exporter|perl-libs,perl-libs,glibc|libxcrypt|perl-Carp|perl-DynaLoader|perl-Encode|perl-Exporter|perl-PathTools,perl-vars,perl-Carp|perl-libs
perl-Encode,glibc|perl-Carp|perl-constant|perl-Exporter|perl-File-Basename|perl-Getopt-Long|perl-Getopt-Std|perl-interpreter|perl-libs|perl-MIME-Base64|perl-overload|perl-parent|perl-Storable|perl-vars,glibc,filesystem|glibc-common|glibc-minimal-langpack|libgcc|package no package provides (glibc-gconv-extra(x86-32) is not installed|package no package provides (glibc-gconv-extra(x86-64) is not installed,perl-Carp,perl-Exporter|perl-libs,perl-constant,perl-Carp|perl-libs,perl-Exporter,perl-Carp|perl-libs,perl-File-Basename,perl-Carp|perl-Exporter|perl-libs,perl-Getopt-Long,perl-base|perl-constant|perl-Exporter|perl-libs|perl-overload|perl-Pod-Usage|perl-Text-ParseWords,perl-Getopt-Std,perl-Exporter|perl-libs,perl-interpreter,glibc|perl-libs,perl-libs,glibc|libxcrypt|perl-Carp|perl-DynaLoader|perl-Encode|perl-Exporter|perl-PathTools,perl-MIME-Base64,glibc|perl-Exporter|perl-libs,perl-overload,perl-libs|perl-mro|perl-overloading|perl-Scalar-List-Utils,perl-parent,perl-libs,perl-Storable,glibc|perl-Carp|perl-Exporter|perl-Fcntl|perl-IO|perl-libs,perl-vars,perl-Carp|perl-libs
perl-Errno,perl-Carp|perl-Exporter|perl-libs,perl-Carp,perl-Exporter|perl-libs,perl-Exporter,perl-Carp|perl-libs,perl-libs,glibc|libxcrypt|perl-Carp|perl-DynaLoader|perl-Encode|perl-Exporter|perl-PathTools
perl-Exporter,perl-Carp|perl-libs,perl-Carp,perl-Exporter|perl-libs,perl-libs,glibc|libxcrypt|perl-Carp|perl-DynaLoader|perl-Encode|perl-Exporter|perl-PathTools
perl-Fcntl,glibc|perl-Exporter|perl-libs,glibc,filesystem|glibc-common|glibc-minimal-langpack|libgcc|package no package provides (glibc-gconv-extra(x86-32) is not installed|package no package provides (glibc-gconv-extra(x86-64) is not installed,perl-Exporter,perl-Carp|perl-libs,perl-libs,glibc|libxcrypt|perl-Carp|perl-DynaLoader|perl-Encode|perl-Exporter|perl-PathTools
perl-File-Basename,perl-Carp|perl-Exporter|perl-libs,perl-Carp,perl-Exporter|perl-libs,perl-Exporter,perl-Carp|perl-libs,perl-libs,glibc|libxcrypt|perl-Carp|perl-DynaLoader|perl-Encode|perl-Exporter|perl-PathTools
perl-File-Path,perl-Carp|perl-Exporter|perl-File-Basename|perl-libs|perl-PathTools|perl-vars,perl-Carp,perl-Exporter|perl-libs,perl-Exporter,perl-Carp|perl-libs,perl-File-Basename,perl-Carp|perl-Exporter|perl-libs,perl-libs,glibc|libxcrypt|perl-Carp|perl-DynaLoader|perl-Encode|perl-Exporter|perl-PathTools,perl-PathTools,glibc|perl-Carp|perl-constant|perl-Errno|perl-Exporter|perl-libs|perl-Scalar-List-Utils,perl-vars,perl-Carp|perl-libs
perl-File-Temp,perl-Carp|perl-constant|perl-Errno|perl-Exporter|perl-Fcntl|perl-File-Path|perl-IO|perl-libs|perl-overload|perl-parent|perl-PathTools|perl-POSIX|perl-Scalar-List-Utils,perl-Carp,perl-Exporter|perl-libs,perl-constant,perl-Carp|perl-libs,perl-Errno,perl-Carp|perl-Exporter|perl-libs,perl-Exporter,perl-Carp|perl-libs,perl-Fcntl,glibc|perl-Exporter|perl-libs,perl-File-Path,perl-Carp|perl-Exporter|perl-File-Basename|perl-libs|perl-PathTools|perl-vars,perl-IO,glibc|perl-Carp|perl-Errno|perl-Exporter|perl-Fcntl|perl-File-stat|perl-libs|perl-PathTools|perl-SelectSaver|perl-Socket|perl-Symbol,perl-libs,glibc|libxcrypt|perl-Carp|perl-DynaLoader|perl-Encode|perl-Exporter|perl-PathTools,perl-overload,perl-libs|perl-mro|perl-overloading|perl-Scalar-List-Utils,perl-parent,perl-libs,perl-PathTools,glibc|perl-Carp|perl-constant|perl-Errno|perl-Exporter|perl-libs|perl-Scalar-List-Utils,perl-POSIX,glibc|perl-Carp|perl-Exporter|perl-Fcntl|perl-libs|perl-locale,perl-Scalar-List-Utils,glibc|perl-Exporter|perl-libs
perl-Getopt-Long,perl-base|perl-constant|perl-Exporter|perl-libs|perl-overload|perl-Pod-Usage|perl-Text-ParseWords,perl-constant,perl-Carp|perl-libs,perl-Exporter,perl-Carp|perl-libs,perl-libs,glibc|libxcrypt|perl-Carp|perl-DynaLoader|perl-Encode|perl-Exporter|perl-PathTools,perl-overload,perl-libs|perl-mro|perl-overloading|perl-Scalar-List-Utils,perl-Pod-Usage,perl-Carp|perl-Exporter|perl-Getopt-Long|perl-interpreter|perl-libs|perl-PathTools|perl-podlators|perl-Pod-Perldoc,perl-Text-ParseWords,perl-Carp|perl-Exporter|perl-libs
perl-Getopt-Std,perl-Exporter|perl-libs,perl-Exporter,perl-Carp|perl-libs,perl-libs,glibc|libxcrypt|perl-Carp|perl-DynaLoader|perl-Encode|perl-Exporter|perl-PathTools
perl-HTTP-Tiny,perl-Carp|perl-Errno|perl-Fcntl|perl-IO|perl-IO-Socket-SSL|perl-libs|perl-MIME-Base64|perl-Net-SSLeay|perl-Socket|perl-Time-Local,perl-Carp,perl-Exporter|perl-libs,perl-Errno,perl-Carp|perl-Exporter|perl-libs,perl-Fcntl,glibc|perl-Exporter|perl-libs,perl-IO,glibc|perl-Carp|perl-Errno|perl-Exporter|perl-Fcntl|perl-File-stat|perl-libs|perl-PathTools|perl-SelectSaver|perl-Socket|perl-Symbol,perl-libs,glibc|libxcrypt|perl-Carp|perl-DynaLoader|perl-Encode|perl-Exporter|perl-PathTools,perl-MIME-Base64,glibc|perl-Exporter|perl-libs,perl-Socket,glibc|perl-Carp|perl-Exporter|perl-libs,perl-Time-Local,perl-Carp|perl-constant|perl-Exporter|perl-libs|perl-parent
perl-IO,glibc|perl-Carp|perl-Errno|perl-Exporter|perl-Fcntl|perl-File-stat|perl-libs|perl-PathTools|perl-SelectSaver|perl-Socket|perl-Symbol,glibc,filesystem|glibc-common|glibc-minimal-langpack|libgcc|package no package provides (glibc-gconv-extra(x86-32) is not installed|package no package provides (glibc-gconv-extra(x86-64) is not installed,perl-Carp,perl-Exporter|perl-libs,perl-Errno,perl-Carp|perl-Exporter|perl-libs,perl-Exporter,perl-Carp|perl-libs,perl-Fcntl,glibc|perl-Exporter|perl-libs,perl-libs,glibc|libxcrypt|perl-Carp|perl-DynaLoader|perl-Encode|perl-Exporter|perl-PathTools,perl-PathTools,glibc|perl-Carp|perl-constant|perl-Errno|perl-Exporter|perl-libs|perl-Scalar-List-Utils,perl-SelectSaver,perl-Carp|perl-libs|perl-Symbol,perl-Socket,glibc|perl-Carp|perl-Exporter|perl-libs,perl-Symbol,perl-Exporter|perl-libs
perl-IPC-Open3,perl-Carp|perl-constant|perl-Exporter|perl-Fcntl|perl-IO|perl-libs|perl-POSIX|perl-Symbol,perl-Carp,perl-Exporter|perl-libs,perl-constant,perl-Carp|perl-libs,perl-Exporter,perl-Carp|perl-libs,perl-Fcntl,glibc|perl-Exporter|perl-libs,perl-IO,glibc|perl-Carp|perl-Errno|perl-Exporter|perl-Fcntl|perl-File-stat|perl-libs|perl-PathTools|perl-SelectSaver|perl-Socket|perl-Symbol,perl-libs,glibc|libxcrypt|perl-Carp|perl-DynaLoader|perl-Encode|perl-Exporter|perl-PathTools,perl-POSIX,glibc|perl-Carp|perl-Exporter|perl-Fcntl|perl-libs|perl-locale,perl-Symbol,perl-Exporter|perl-libs
perl-MIME-Base64,glibc|perl-Exporter|perl-libs,glibc,filesystem|glibc-common|glibc-minimal-langpack|libgcc|package no package provides (glibc-gconv-extra(x86-32) is not installed|package no package provides (glibc-gconv-extra(x86-64) is not installed,perl-Exporter,perl-Carp|perl-libs,perl-libs,glibc|libxcrypt|perl-Carp|perl-DynaLoader|perl-Encode|perl-Exporter|perl-PathTools
perl-NDBM_File,gdbm-libs|glibc|perl-libs,glibc,filesystem|glibc-common|glibc-minimal-langpack|libgcc|package no package provides (glibc-gconv-extra(x86-32) is not installed|package no package provides (glibc-gconv-extra(x86-64) is not installed,perl-libs,glibc|libxcrypt|perl-Carp|perl-DynaLoader|perl-Encode|perl-Exporter|perl-PathTools
perl-POSIX,glibc|perl-Carp|perl-Exporter|perl-Fcntl|perl-libs|perl-locale,glibc,filesystem|glibc-common|glibc-minimal-langpack|libgcc|package no package provides (glibc-gconv-extra(x86-32) is not installed|package no package provides (glibc-gconv-extra(x86-64) is not installed,perl-Carp,perl-Exporter|perl-libs,perl-Exporter,perl-Carp|perl-libs,perl-Fcntl,glibc|perl-Exporter|perl-libs,perl-libs,glibc|libxcrypt|perl-Carp|perl-DynaLoader|perl-Encode|perl-Exporter|perl-PathTools,perl-locale,perl-Carp|perl-libs|perl-POSIX
perl-PathTools,glibc|perl-Carp|perl-constant|perl-Errno|perl-Exporter|perl-libs|perl-Scalar-List-Utils,glibc,filesystem|glibc-common|glibc-minimal-langpack|libgcc|package no package provides (glibc-gconv-extra(x86-32) is not installed|package no package provides (glibc-gconv-extra(x86-64) is not installed,perl-Carp,perl-Exporter|perl-libs,perl-constant,perl-Carp|perl-libs,perl-Errno,perl-Carp|perl-Exporter|perl-libs,perl-Exporter,perl-Carp|perl-libs,perl-libs,glibc|libxcrypt|perl-Carp|perl-DynaLoader|perl-Encode|perl-Exporter|perl-PathTools,perl-Scalar-List-Utils,glibc|perl-Exporter|perl-libs
perl-Pod-Escapes,perl-Exporter|perl-libs|perl-vars,perl-Exporter,perl-Carp|perl-libs,perl-libs,glibc|libxcrypt|perl-Carp|perl-DynaLoader|perl-Encode|perl-Exporter|perl-PathTools,perl-vars,perl-Carp|perl-libs
perl-Pod-Perldoc,groff-base|perl-Carp|perl-Encode|perl-Fcntl|perl-File-Basename|perl-File-Temp|perl-HTTP-Tiny|perl-interpreter|perl-IO|perl-IPC-Open3|perl-libs|perl-parent|perl-PathTools|perl-podlators|perl-Pod-Simple|perl-Symbol|perl-Text-ParseWords|perl-vars,groff-base,alternatives|bash|glibc|libgcc|libstdc++,perl-Carp,perl-Exporter|perl-libs,perl-Encode,glibc|perl-Carp|perl-constant|perl-Exporter|perl-File-Basename|perl-Getopt-Long|perl-Getopt-Std|perl-interpreter|perl-libs|perl-MIME-Base64|perl-overload|perl-parent|perl-Storable|perl-vars,perl-Fcntl,glibc|perl-Exporter|perl-libs,perl-File-Basename,perl-Carp|perl-Exporter|perl-libs,perl-File-Temp,perl-Carp|perl-constant|perl-Errno|perl-Exporter|perl-Fcntl|perl-File-Path|perl-IO|perl-libs|perl-overload|perl-parent|perl-PathTools|perl-POSIX|perl-Scalar-List-Utils,perl-HTTP-Tiny,perl-Carp|perl-Errno|perl-Fcntl|perl-IO|perl-IO-Socket-SSL|perl-libs|perl-MIME-Base64|perl-Net-SSLeay|perl-Socket|perl-Time-Local,perl-interpreter,glibc|perl-libs,perl-IO,glibc|perl-Carp|perl-Errno|perl-Exporter|perl-Fcntl|perl-File-stat|perl-libs|perl-PathTools|perl-SelectSaver|perl-Socket|perl-Symbol,perl-IPC-Open3,perl-Carp|perl-constant|perl-Exporter|perl-Fcntl|perl-IO|perl-libs|perl-POSIX|perl-Symbol,perl-libs,glibc|libxcrypt|perl-Carp|perl-DynaLoader|perl-Encode|perl-Exporter|perl-PathTools,perl-parent,perl-libs,perl-PathTools,glibc|perl-Carp|perl-constant|perl-Errno|perl-Exporter|perl-libs|perl-Scalar-List-Utils,perl-podlators,perl-Carp|perl-Encode|perl-Exporter|perl-File-Basename|perl-Getopt-Long|perl-interpreter|perl-libs|perl-parent|perl-PathTools|perl-Pod-Simple|perl-Pod-Usage|perl-POSIX|perl-Term-ANSIColor|perl-Term-Cap,perl-Pod-Simple,perl-Carp|perl-Encode|perl-File-Basename|perl-Getopt-Long|perl-if|perl-libs|perl-overload|perl-PathTools|perl-Pod-Escapes|perl-Symbol|perl-Text-Tabs+Wrap,perl-Symbol,perl-Exporter|perl-libs,perl-Text-ParseWords,perl-Carp|perl-Exporter|perl-libs,perl-vars,perl-Carp|perl-libs
perl-Pod-Simple,perl-Carp|perl-Encode|perl-File-Basename|perl-Getopt-Long|perl-if|perl-libs|perl-overload|perl-PathTools|perl-Pod-Escapes|perl-Symbol|perl-Text-Tabs+Wrap,perl-Carp,perl-Exporter|perl-libs,perl-Encode,glibc|perl-Carp|perl-constant|perl-Exporter|perl-File-Basename|perl-Getopt-Long|perl-Getopt-Std|perl-interpreter|perl-libs|perl-MIME-Base64|perl-overload|perl-parent|perl-Storable|perl-vars,perl-File-Basename,perl-Carp|perl-Exporter|perl-libs,perl-Getopt-Long,perl-base|perl-constant|perl-Exporter|perl-libs|perl-overload|perl-Pod-Usage|perl-Text-ParseWords,perl-if,perl-libs,perl-libs,glibc|libxcrypt|perl-Carp|perl-DynaLoader|perl-Encode|perl-Exporter|perl-PathTools,perl-overload,perl-libs|perl-mro|perl-overloading|perl-Scalar-List-Utils,perl-PathTools,glibc|perl-Carp|perl-constant|perl-Errno|perl-Exporter|perl-libs|perl-Scalar-List-Utils,perl-Pod-Escapes,perl-Exporter|perl-libs|perl-vars,perl-Symbol,perl-Exporter|perl-libs,perl-Text-Tabs+Wrap,perl-Exporter|perl-libs
perl-Pod-Usage,perl-Carp|perl-Exporter|perl-Getopt-Long|perl-interpreter|perl-libs|perl-PathTools|perl-podlators|perl-Pod-Perldoc,perl-Carp,perl-Exporter|perl-libs,perl-Exporter,perl-Carp|perl-libs,perl-Getopt-Long,perl-base|perl-constant|perl-Exporter|perl-libs|perl-overload|perl-Pod-Usage|perl-Text-ParseWords,perl-interpreter,glibc|perl-libs,perl-libs,glibc|libxcrypt|perl-Carp|perl-DynaLoader|perl-Encode|perl-Exporter|perl-PathTools,perl-PathTools,glibc|perl-Carp|perl-constant|perl-Errno|perl-Exporter|perl-libs|perl-Scalar-List-Utils,perl-podlators,perl-Carp|perl-Encode|perl-Exporter|perl-File-Basename|perl-Getopt-Long|perl-interpreter|perl-libs|perl-parent|perl-PathTools|perl-Pod-Simple|perl-Pod-Usage|perl-POSIX|perl-Term-ANSIColor|perl-Term-Cap,perl-Pod-Perldoc,groff-base|perl-Carp|perl-Encode|perl-Fcntl|perl-File-Basename|perl-File-Temp|perl-HTTP-Tiny|perl-interpreter|perl-IO|perl-IPC-Open3|perl-libs|perl-parent|perl-PathTools|perl-podlators|perl-Pod-Simple|perl-Symbol|perl-Text-ParseWords|perl-vars
perl-Scalar-List-Utils,glibc|perl-Exporter|perl-libs,glibc,filesystem|glibc-common|glibc-minimal-langpack|libgcc|package no package provides (glibc-gconv-extra(x86-32) is not installed|package no package provides (glibc-gconv-extra(x86-64) is not installed,perl-Exporter,perl-Carp|perl-libs,perl-libs,glibc|libxcrypt|perl-Carp|perl-DynaLoader|perl-Encode|perl-Exporter|perl-PathTools
perl-SelectSaver,perl-Carp|perl-libs|perl-Symbol,perl-Carp,perl-Exporter|perl-libs,perl-libs,glibc|libxcrypt|perl-Carp|perl-DynaLoader|perl-Encode|perl-Exporter|perl-PathTools,perl-Symbol,perl-Exporter|perl-libs
perl-Socket,glibc|perl-Carp|perl-Exporter|perl-libs,glibc,filesystem|glibc-common|glibc-minimal-langpack|libgcc|package no package provides (glibc-gconv-extra(x86-32) is not installed|package no package provides (glibc-gconv-extra(x86-64) is not installed,perl-Carp,perl-Exporter|perl-libs,perl-Exporter,perl-Carp|perl-libs,perl-libs,glibc|libxcrypt|perl-Carp|perl-DynaLoader|perl-Encode|perl-Exporter|perl-PathTools
perl-Storable,glibc|perl-Carp|perl-Exporter|perl-Fcntl|perl-IO|perl-libs,glibc,filesystem|glibc-common|glibc-minimal-langpack|libgcc|package no package provides (glibc-gconv-extra(x86-32) is not installed|package no package provides (glibc-gconv-extra(x86-64) is not installed,perl-Carp,perl-Exporter|perl-libs,perl-Exporter,perl-Carp|perl-libs,perl-Fcntl,glibc|perl-Exporter|perl-libs,perl-IO,glibc|perl-Carp|perl-Errno|perl-Exporter|perl-Fcntl|perl-File-stat|perl-libs|perl-PathTools|perl-SelectSaver|perl-Socket|perl-Symbol,perl-libs,glibc|libxcrypt|perl-Carp|perl-DynaLoader|perl-Encode|perl-Exporter|perl-PathTools
perl-Symbol,perl-Exporter|perl-libs,perl-Exporter,perl-Carp|perl-libs,perl-libs,glibc|libxcrypt|perl-Carp|perl-DynaLoader|perl-Encode|perl-Exporter|perl-PathTools
perl-Term-ANSIColor,perl-Exporter|perl-libs,perl-Exporter,perl-Carp|perl-libs,perl-libs,glibc|libxcrypt|perl-Carp|perl-DynaLoader|perl-Encode|perl-Exporter|perl-PathTools
perl-Term-Cap,ncurses|perl-Carp|perl-libs|perl-vars,ncurses,glibc|ncurses-libs,perl-Carp,perl-Exporter|perl-libs,perl-libs,glibc|libxcrypt|perl-Carp|perl-DynaLoader|perl-Encode|perl-Exporter|perl-PathTools,perl-vars,perl-Carp|perl-libs
perl-Text-ParseWords,perl-Carp|perl-Exporter|perl-libs,perl-Carp,perl-Exporter|perl-libs,perl-Exporter,perl-Carp|perl-libs,perl-libs,glibc|libxcrypt|perl-Carp|perl-DynaLoader|perl-Encode|perl-Exporter|perl-PathTools
perl-Text-Tabs+Wrap,perl-Exporter|perl-libs,perl-Exporter,perl-Carp|perl-libs,perl-libs,glibc|libxcrypt|perl-Carp|perl-DynaLoader|perl-Encode|perl-Exporter|perl-PathTools
perl-Time-Local,perl-Carp|perl-constant|perl-Exporter|perl-libs|perl-parent,perl-Carp,perl-Exporter|perl-libs,perl-constant,perl-Carp|perl-libs,perl-Exporter,perl-Carp|perl-libs,perl-libs,glibc|libxcrypt|perl-Carp|perl-DynaLoader|perl-Encode|perl-Exporter|perl-PathTools,perl-parent,perl-libs
perl-constant,perl-Carp|perl-libs,perl-Carp,perl-Exporter|perl-libs,perl-libs,glibc|libxcrypt|perl-Carp|perl-DynaLoader|perl-Encode|perl-Exporter|perl-PathTools
perl-if,perl-libs,perl-libs,glibc|libxcrypt|perl-Carp|perl-DynaLoader|perl-Encode|perl-Exporter|perl-PathTools
perl-interpreter,glibc|perl-libs,glibc,filesystem|glibc-common|glibc-minimal-langpack|libgcc|package no package provides (glibc-gconv-extra(x86-32) is not installed|package no package provides (glibc-gconv-extra(x86-64) is not installed,perl-libs,glibc|libxcrypt|perl-Carp|perl-DynaLoader|perl-Encode|perl-Exporter|perl-PathTools
perl-libs,glibc|libxcrypt|perl-Carp|perl-DynaLoader|perl-Encode|perl-Exporter|perl-PathTools,glibc,filesystem|glibc-common|glibc-minimal-langpack|libgcc|package no package provides (glibc-gconv-extra(x86-32) is not installed|package no package provides (glibc-gconv-extra(x86-64) is not installed,libxcrypt,glibc,perl-Carp,perl-Exporter|perl-libs,perl-DynaLoader,perl-Carp|perl-libs|perl-vars,perl-Encode,glibc|perl-Carp|perl-constant|perl-Exporter|perl-File-Basename|perl-Getopt-Long|perl-Getopt-Std|perl-interpreter|perl-libs|perl-MIME-Base64|perl-overload|perl-parent|perl-Storable|perl-vars,perl-Exporter,perl-Carp|perl-libs,perl-PathTools,glibc|perl-Carp|perl-constant|perl-Errno|perl-Exporter|perl-libs|perl-Scalar-List-Utils
perl-locale,perl-Carp|perl-libs|perl-POSIX,perl-Carp,perl-Exporter|perl-libs,perl-libs,glibc|libxcrypt|perl-Carp|perl-DynaLoader|perl-Encode|perl-Exporter|perl-PathTools,perl-POSIX,glibc|perl-Carp|perl-Exporter|perl-Fcntl|perl-libs|perl-locale
perl-macros,
perl-mro,glibc|perl-libs,glibc,filesystem|glibc-common|glibc-minimal-langpack|libgcc|package no package provides (glibc-gconv-extra(x86-32) is not installed|package no package provides (glibc-gconv-extra(x86-64) is not installed,perl-libs,glibc|libxcrypt|perl-Carp|perl-DynaLoader|perl-Encode|perl-Exporter|perl-PathTools
perl-overload,perl-libs|perl-mro|perl-overloading|perl-Scalar-List-Utils,perl-libs,glibc|libxcrypt|perl-Carp|perl-DynaLoader|perl-Encode|perl-Exporter|perl-PathTools,perl-mro,glibc|perl-libs,perl-overloading,perl-Carp|perl-libs,perl-Scalar-List-Utils,glibc|perl-Exporter|perl-libs
perl-overloading,perl-Carp|perl-libs,perl-Carp,perl-Exporter|perl-libs,perl-libs,glibc|libxcrypt|perl-Carp|perl-DynaLoader|perl-Encode|perl-Exporter|perl-PathTools
perl-parent,perl-libs,perl-libs,glibc|libxcrypt|perl-Carp|perl-DynaLoader|perl-Encode|perl-Exporter|perl-PathTools
perl-podlators,perl-Carp|perl-Encode|perl-Exporter|perl-File-Basename|perl-Getopt-Long|perl-interpreter|perl-libs|perl-parent|perl-PathTools|perl-Pod-Simple|perl-Pod-Usage|perl-POSIX|perl-Term-ANSIColor|perl-Term-Cap,perl-Carp,perl-Exporter|perl-libs,perl-Encode,glibc|perl-Carp|perl-constant|perl-Exporter|perl-File-Basename|perl-Getopt-Long|perl-Getopt-Std|perl-interpreter|perl-libs|perl-MIME-Base64|perl-overload|perl-parent|perl-Storable|perl-vars,perl-Exporter,perl-Carp|perl-libs,perl-File-Basename,perl-Carp|perl-Exporter|perl-libs,perl-Getopt-Long,perl-base|perl-constant|perl-Exporter|perl-libs|perl-overload|perl-Pod-Usage|perl-Text-ParseWords,perl-interpreter,glibc|perl-libs,perl-libs,glibc|libxcrypt|perl-Carp|perl-DynaLoader|perl-Encode|perl-Exporter|perl-PathTools,perl-parent,perl-libs,perl-PathTools,glibc|perl-Carp|perl-constant|perl-Errno|perl-Exporter|perl-libs|perl-Scalar-List-Utils,perl-Pod-Simple,perl-Carp|perl-Encode|perl-File-Basename|perl-Getopt-Long|perl-if|perl-libs|perl-overload|perl-PathTools|perl-Pod-Escapes|perl-Symbol|perl-Text-Tabs+Wrap,perl-Pod-Usage,perl-Carp|perl-Exporter|perl-Getopt-Long|perl-interpreter|perl-libs|perl-PathTools|perl-podlators|perl-Pod-Perldoc,perl-POSIX,glibc|perl-Carp|perl-Exporter|perl-Fcntl|perl-libs|perl-locale,perl-Term-ANSIColor,perl-Exporter|perl-libs,perl-Term-Cap,ncurses|perl-Carp|perl-libs|perl-vars
perl-vars,perl-Carp|perl-libs,perl-Carp,perl-Exporter|perl-libs,perl-libs,glibc|libxcrypt|perl-Carp|perl-DynaLoader|perl-Encode|perl-Exporter|perl-PathTools
libcgroup,
libdb,
libestr,
libfastjson,
liblognorm,
librdkafka,
librelp,
libssh2,
libtraceevent,
libuv,glibc,glibc,filesystem|glibc-common|glibc-minimal-langpack|libgcc|package no package provides (glibc-gconv-extra(x86-32) is not installed|package no package provides (glibc-gconv-extra(x86-64) is not installed
autogen-libopts,
libtool,
make,glibc,glibc,filesystem|glibc-common|glibc-minimal-langpack|libgcc|package no package provides (glibc-gconv-extra(x86-32) is not installed|package no package provides (glibc-gconv-extra(x86-64) is not installed
vim,
rsyslog,
cronie,
cronie-anacron,
tini,
containerd,bash|glibc|runc,bash,filesystem|glibc|ncurses-libs,glibc,filesystem|glibc-common|glibc-minimal-langpack|libgcc|package no package provides (glibc-gconv-extra(x86-32) is not installed|package no package provides (glibc-gconv-extra(x86-64) is not installed,runc,glibc|libseccomp
docker-cli,glibc|moby-filesystem,glibc,filesystem|glibc-common|glibc-minimal-langpack|libgcc|package no package provides (glibc-gconv-extra(x86-32) is not installed|package no package provides (glibc-gconv-extra(x86-64) is not installed
runc,glibc|libseccomp,glibc,filesystem|glibc-common|glibc-minimal-langpack|libgcc|package no package provides (glibc-gconv-extra(x86-32) is not installed|package no package provides (glibc-gconv-extra(x86-64) is not installed,libseccomp,glibc
postgresql-libs,
bc,
chkconfig,
elfutils,
emacs,
libgc,
gdb,
gdbm-devel,
glib,
irqbalance,
iw,
moby-engine,bash|containerd|container-selinux|docker-cli|glibc|iptables-legacy|libseccomp|moby-filesystem|nftables|pigz|systemd|systemd-libs|tar|tini-static|xz,bash,filesystem|glibc|ncurses-libs,containerd,bash|glibc|runc,docker-cli,glibc|moby-filesystem,glibc,filesystem|glibc-common|glibc-minimal-langpack|libgcc|package no package provides (glibc-gconv-extra(x86-32) is not installed|package no package provides (glibc-gconv-extra(x86-64) is not installed,libseccomp,glibc,systemd,audit-libs|bash|coreutils|dbus|filesystem|glibc|grep|libacl|libblkid|libcap|libfdisk|libgcc|libmount|libseccomp|libselinux|openssl-libs|package no package provides (libbpf is not installed|package no package provides (systemd-rpm-macros is not installed|package no package provides (util-linux-core or util-linux) is not installed|pam-libs|systemd-libs|systemd-pam|systemd-shared|systemd-standalone-sysusers,systemd-libs,glibc|libcap|libgcc,tar,glibc|libacl|libselinux,xz,bash|glibc|grep|xz-libs
ncurses-term,
newt,
nghttp2,
pcre2-tools,
popt-devel,
slang,
strace,
tmux,
wireless-regdb,
zchunk,
libzstd,glibc,glibc,filesystem|glibc-common|glibc-minimal-langpack|libgcc|package no package provides (glibc-gconv-extra(x86-32) is not installed|package no package provides (glibc-gconv-extra(x86-64) is not installed
libcurl,glibc|krb5-libs|libbrotli|libidn2|libnghttp2|libpsl|libssh|openldap|openssl-libs|zlib-ng-compat,glibc,filesystem|glibc-common|glibc-minimal-langpack|libgcc|package no package provides (glibc-gconv-extra(x86-32) is not installed|package no package provides (glibc-gconv-extra(x86-64) is not installed,krb5-libs,coreutils|crypto-policies|glibc|keyutils-libs|libcom_err|libselinux|libverto|openssl-libs,libidn2,glibc|libunistring,openldap,cyrus-sasl-lib|glibc|libevent|libtool-ltdl|openssl-libs,openssl-libs,ca-certificates|crypto-policies|glibc|zlib-ng-compat
krb5-libs,coreutils|crypto-policies|glibc|keyutils-libs|libcom_err|libselinux|libverto|openssl-libs,coreutils,coreutils-common|filesystem|glibc|gmp|libacl|libattr|libcap|libselinux|openssl-libs|systemd-libs,glibc,filesystem|glibc-common|glibc-minimal-langpack|libgcc|package no package provides (glibc-gconv-extra(x86-32) is not installed|package no package provides (glibc-gconv-extra(x86-64) is not installed,libselinux,glibc|libsepol|pcre2,openssl-libs,ca-certificates|crypto-policies|glibc|zlib-ng-compat
dracut-network,
grub2-efi-x64-modules,grub2-common
grub2-efi-x64,bash|efi-filesystem|grub2-common|grub2-tools|grub2-tools-minimal,bash,filesystem|glibc|ncurses-libs,grub2-tools-minimal,bash|device-mapper-libs|filesystem|fuse3-libs|gettext-runtime|glibc|grub2-common|xz-libs
